Commenter,Date,Comments,Ratings
Anonyme,20/10/2023,"J‚Äôai appr√©ci√© la qualit√© des soins, la gentillesse et l‚Äô√©coute de toute l‚Äô√©quipe : ASH, aide-soignants(e), infirmiers (√®re), m√©decins,  internes, externes aussi bien au service porte qu‚Äôau 4√®me √©tage de la m√©decine interne.
Merci √† vous tous",Positif
Anonyme,20/10/2023,Service internet fonctionnant de fa√ßon al√©atoire,N√©gatif
Anonyme,11/10/2023,Rien,Positif
Anonyme,11/10/2023,"La prise en charge des patients surtout quand il s‚Äôagit d‚Äôun mineur et le respect des patients et de leurs proches .
Mon fils a √©t√© pris en charge rapidement prise de sang et scanner puis changement d‚Äô√©quipe, pas de transmissions , nous n‚Äôavons aucunes informations, mon fils est rest√© sans manger toutes la journ√©e car en attente des r√©sultats du scanner, il est transf√©r√© dans un box sans aucunes explications puis une heure plus tard il est sorti du box et transf√©r√© derri√®re un rideau toujours aucunes explications et surtout ne pas s‚Äôaviser de demander quoi que se soit on d√©range ! Je demande des informations et si il peut manger , r√©ponse toujours la m√™me, on attend les r√©sultats du scan qu‚Äôil a pass√© √† 17 h et l‚Äôinfirmi√®re me r√©pond √† 21h 30 qu‚Äôil n‚Äôest pas tout seul et qu‚Äôil n‚Äôest pas une urgence .Une interne vient enfin nous dire qu‚Äôils le garde pour la nuit car le radiologue n‚Äôa pas fait le compte rendu que c‚Äôest un interne et qu‚Äôil doit √™tre valid√© par un m√©decin le lendemain. Mais il peut manger Ah bon ?!!? Nous passons la nuit derri√®re le rideau mon fils sur un vieux brancard et moi par terre sur une couverture, les soignants de nuit sont compl√®tement irrespectueux, ils parlent fort claquent les portes et un aide soignant qui m‚Äôavait envoy√© balader pour √™tre poli qlq temps auparavant car j‚Äôai os√© m‚Äôapprocher de lui pour ( essayer de lui demander des nouvelles) s‚Äôamusait avec ses coll√®gues en criant, des patients en attente d‚Äôune place en g√©riatrie hurlaient toute la nuit , il y avait 2 box de vides mais ils √©taient r√©serv√©s aux personnes √¢g√©s et la r√©ponse √† √©t√© votre fils est jeune il peut rester sur un brancard sauf qu‚Äôil souffrait et qu‚Äôil √©tait tr√®s faible , le lendemain matin les box √©taient toujours vides et une interne vient nous dire que mon fils va √™tre transf√©r√© dans un autre h√¥pital. Bien √©videmment nous n‚Äôavons pas le choix , nous sommes du b√©tail, je demande qu‚Äôil soit transf√©r√© dans l‚Äôh√¥pital dans lequel il √©t√© suivi non il est transf√©r√© dans l‚Äôh√¥pital avec lequel ils travaillent .
C‚Äôest compl√®tement inadmissible de vivre de telles choses dans un service d‚Äôurgence, mon fils a √©t√© mis en danger, il est arriv√© dans l‚Äôautre h√¥pital compl√®tement choqu√© et √©puis√©.",N√©gatif
Vanille,10/10/2023,Les m√©decins sont √† l‚Äô√©coute et tr√®s comp√©tents. L‚Äôaccueil et la prise en charge sont bien organis√©s.,Positif
Vanille,10/10/2023,Rien,N√©gatif
Le Grix,02/09/2023,"Aux urgences, merci au m√©decin qui a d√©tect√© une tumeur",Positif
Le Grix,02/09/2023,Lecture des examens avant op√©ration,N√©gatif
jean-herv√©,09/06/2023,"J'ai √©norm√©ment appr√©ci√© l'√©quipe des m√©decins qui ont √©t√© tr√®s a l'√©coute , tr√®s impliqu√©s et surtout tr√®s humains.Un grand merci a eux !",Positif
jean-herv√©,09/06/2023,"Que les aides soignant(e)s et les infirmi√®r(e)s fuient la communication avec les accompagnateurs est un reel probl√®me  .Mais ce manque de chaleur humaine envers des patients des plus vuln√©rables ,voir en fin de vie comme la personne que je venais voir, est intol√©rable. Aussi , il serait indispensable de rappeler a ces √©quipes soignantes que leur formation est bien entendu de soigner mais aussi de bien accompagner afin de soulager.",N√©gatif
Anonyme,08/05/2023,Rien.,Positif
Anonyme,08/05/2023,TOUT en commen√ßant par l'√©coute du patient qui ne vient pas √† l'hopital par bon plaisir,N√©gatif
Personne satisfaite,17/09/2022,Comp√©tence medicale,Positif
Personne satisfaite,17/09/2022,L‚Äôempathie du personnel,N√©gatif
Pseudosansfin,16/04/2022,Absolument rien,Positif
Pseudosansfin,16/04/2022,"Que le service soit dirig√© afin qu'il y ait une coh√©rence de prise en charge, que l'on sanctionne tout comportement irrespectueux, voire maltraitant vis √† vis des patients",N√©gatif
Anonyme,23/04/2024,"Le gestionnaire de la machine √† caf√© qui m‚Äôa offert gratuitement un caf√© 
Alors qu‚Äôil √©tait en op√©ration de maintenance
Qu‚Äôil √©tait 7h et que je n‚Äôavais pas trouver d‚Äôambulance ( apr√®s avoir sollicit√© 5 compagnies la veille), que je n‚Äôavais donc pas d√©jeuner
Que je n‚Äôavais su que la veille que je devais amener √† 7 h apr√®s qu‚Äôil ai pris une douche √† la betadine mn √©poux de 78 ans qui est consid√©rablement ralenti par des troubles de l‚Äô√©quilibre et neurocognitifs",Positif
Anonyme,23/04/2024,"L‚Äôaccueil : t√©l√©phonique, infirmier, l‚Äôagent de s√©curit√© 
J‚Äôai 60 ans je ne le suis jamais faite malnener de la sorte",N√©gatif
Josephaüòâ,16/02/2024,"Tout, le personnel soignant, administratif, etc ...est extr√™mement investie dans le bien-√™tre des patients. Bravo et merci √† eux.",Positif
Josephaüòâ,16/02/2024,Rien,N√©gatif
D√©cadence2024,03/02/2024,La salle d'attente est sale. Pas de place car trop de sans-abris h√©las pour eux. Infirmiers et aides soignants humains et pro. Mais l'interne a cruellement manqu√© d'√©coute et le m√©decin responsable n'a pas daign√© se d√©placer 1 min pour voir le patient. Aucun diagnostic. Rien. Sentiment d'abandon.,Positif
D√©cadence2024,03/02/2024,"Le minimum serait que le m√©decin daigne voir les patients qui ont attendu +de 3h. L'interne devrait √©couter le patient m√™me s'il doit suivre les directives du m√©decin : r√©sultat on a juste eu un protocole classique digne d'un pharmacien. On a d√ª partir alors que le patient ne pouvait pas marcher sans savoir de quoi il souffrait. Il aurait √©t√© bien de faire des recherches ne serait ce qu'une vulgaire prise de sang ou une radio. Douleurs ignor√©es, ce patient ne reviendra plus jamais √† ces urgences tant il est rest√© choqu√© de ce traitement..",N√©gatif
Benjamin,14/01/2024,Le s√©rieux de l'√©quipe m√©dicale la sympatie de la personne √† l'accueil le bon diagnostic. Bravo et merci √† toute l'√©quipe pour leur compr√©hension car lorsque l'on est √©tudiant seul sur Paris ce n'est pas facile ils m'ont bien pris en charge et rassur√© en attendant l'arriv√©e de mes parents depuis la province. Je suis ressortis avec une ordonnance et m√™me une explication pr√©cise pour nous rendre avec mes parents √† la pharmacie de garde MERCI et bon courage √† toute l'√©quipe,Positif
Benjamin,14/01/2024,Surtout ne changer pas,N√©gatif
Anonyme,30/12/2023,Comp√©tence de la 2√®me interne en consultation ophtalmo et sa patience,Positif
Anonyme,30/12/2023,"ce n'est pas normal que les consultations ophtalmo doivent attendre plus de 3h00 pour un avis d'un neurologue.
Ce n'est pas normal qu'un patient doivent se diriger seul pour aller passer des examens (scanner..) dans l'h√¥pital et ensuite malgr√© un probl√®me d√©tecter √† un scanner ce m√™me patient doit se diriger seul aux urgences g√©n√©rales sans connaitre l'h√¥pital et de nuit car impossible de joindre un sp√©cialiste .
De 09 h00 √† 19h30 personne n'a pas proposer au patient  un verre d'eau ni √† manger c'est de la maltraitance ...",N√©gatif
Anonyme,16/11/2023,"l'accueil, l'√©coute, la gentillesse du personnel, le confort",Positif
Anonyme,16/11/2023,plus d'explications en amont de l'intervention,N√©gatif
Anonyme,23/10/2023,Rien,Positif
Anonyme,23/10/2023,"Changer les √©quipes,  donner leur dipl√¥me √† des personnes competentes",N√©gatif
Pascale,05/10/2023,"Tout le personnel soignant est vraiment excellent. A l'√©coute, efficacit√©, gentillesse, professionnel,",Positif
Pascale,05/10/2023,"Au niveau administratif, l'amabilit√© il y a beaucoup a faire, traiter les patients avec un peu plus d'explications",N√©gatif
PAMAKACO,13/09/2023,"La coh√©rence de la prise en charge, le respect du protocole et l'empathie g√©n√©rale",Positif
PAMAKACO,13/09/2023,RAS protocole respect√©,N√©gatif
Pascal6363,07/09/2023,"La rapidit√© de la prise en charge et des examens cliniques. 
Les explications claires donn√©es sur un ton apaisant et attentionn√©.",Positif
Pascal6363,07/09/2023,Rien en particulier ; tout s‚Äôest parfaitement d√©roul√©.,N√©gatif
PRUVOST Rene,24/04/2024,Le sourire et l'amabilit√© du personnel et le professionnalisme des soignants,Positif
PRUVOST Rene,24/04/2024,Rien,N√©gatif
p√¢querette-lavabo66,28/10/2019,"Tr√®s bien prise en charge apr√®s un AIT. Personnel tr√®s s√©rieux et rassurant. Apr√®s quznd on vous envoi aux urgences sachez qu il y a de l attente, on est pas les seules.Merci √† toute l √©quipe pr√©sente et qui a su me rassurer.",Positif
peluche-fraise60,19/10/2019,"Arriv√©e au urgence de l'h√¥pital de Salengro suite a de multiples contusions et une fracture de la malelole interne. Tr√®s tr√®s professionnel entre interne de Trauma et les personnels m√©dicaux.Le lendemain opperer un immense proffesionaliste via les anesth√©sistes ainsi que le service du 3eme.Petit b√©mol , suite au gr√®ve de personnel et la compression d'emplois .Les t√™tes pensente devraient faire un effort pour embaucher.Si vous √™tes dans un sale √©tat, je conseille cette h√¥pital.Suite √† mon rendez-vous de de ce matin. Jai peu compt√©  sur le professioniste  du docteur duriez et de la infirmi√®re  Charlotte , merci tr√®s sinc√®rement √† eux",Positif
oeil-d√©bardeur11,19/10/2019,"Actuellement aux urgences depuis plus de deux heures et je suis encore sur une chaise dans la salle d‚Äôattente !!! Je n‚Äôai vu personne !!!! Je pense avoir une sciatique et je dois rester assise !!!! Je ne tiens plus, j‚Äôai un mal de chien mais faut √™tre patient !!! Les urgences sur CHU c‚Äôest vraiment catastrophique",N√©gatif
cravate-d√©faite76,14/10/2019,"Nous avons rendu visite √† notre grand p√®re, 45 min pour trouver le service en etant guid√©e par 5 infirmiers.On arrive enfin au service ils nous disent qu'ils n'ont pas de personne √† ce nom ici. 10 min plus tard magique il est ici finalement.On.rentre dans le coin intensif coeur 8 infirmiers pas un bonjour personne nous dis o√π est sa chambre.  On arrives devant sa chambre un infirmier √©tait avec lui , il quitte la chambre en nous voyant mais ne respect pas l'intimit√© de mon grand-p√®re en ne mettant ni drap ni pyjama sur ses parties intimes.40 min de visite on sors on  veux voir un infirmier car on a des questions.  Clairement on les fais chier comme a n√¥tre arriv√©e ils papotes. Et ils se permettent une r√©flexion car on √©tais plus de 2 dans la chambre.  Ok pas de soucis mais quand on arrive et qu'on dis bonjour quittez votre nez du pc arretez de parler de votre vie et renseignez nous !!!!",N√©gatif
masque-pomme21,09/10/2019,Nous sommes le 7 octobre 2019 √† 17h30 et une personne masculine du standard m'a raccroch√© au nez. Merci de prendre les mesures n√©cessaires,N√©gatif
saxophone-sonic56,09/10/2019,"Arriv√©e aux urgences pendant les grosses chaleurs avec une suspicion d'hemophytisie , je suis prise en charge rapidement, je fais un scanner et on me garde en rea au cas o√π . Super personnel , j'y reste 4 jours puis je suis transf√©r√©e en m√©decine interne, ou l'on me suit depuis 15 ans. Jusque maintenant, je n'avais que des louanges pour ce service mais l√† je suis prise en charge par une interne d√©sagr√©able et imbus de sa personne.  Elle ne m'√©coute pas , elle a fait son diagnostic et n'en demords pas. Elle me harc√®le pour que je lui donne raison ce que je finis par faire de guerre lasse. Si je dois y retourner je ne veux nb plus avoir √† faire √† cette arrogante.  Lorsque l'on subit une maladie depuis longtemps on se connait bien et on ne dis pas de conneries.vraiment d√©√ßue !",Positif
peach-tulipe63,09/10/2019,"C'est une honte, je vais aux urgences cet apr√®s-midi car impossible de retrouver une de mes lentilles dans l'oeil gauche. Le m√©decin regarde, met des gouttes pour mieux voir avec ses appareils et me dit : elle a d√ª tomber sans que vous vous en aperceviez mais je vous assure qu'il n'y a rien. Je repars et quelques heures apr√®s je la retrouve dans mon oeil.Honte √† ce m√©decin !!! C'est lamentable !Vu ce m√©decin le 5 octobre √† 15h39",N√©gatif
stade-orage30,09/10/2019,"Personnel super, amen√©e aux urgences apr√®s un AVP les infirmi√®res, m√©decins et brancardiers ont tous √©t√© bienveillants et vraiment tr√®s gentils. On attend un peu pour les diff√©rents examens / radios mais ils font le maximum pour que l'on soit bien. Le passage aux urgences c'est toujours un moment difficile, mais ils prennent le temps de rassurer et prennent soin de leur patient.",Positif
orage-rhinoc√©ros02,02/10/2019,Pour commencer l hygi√®ne et horrible au niveau des toilette c'est insoutenable 3h d attente et obstertritienne  (Mlle desfrenay) desagreable qui n est pas du tout douce pour faire une √©chographie vaginal honteux d avoir du personnel comme sa ....Elle m annonce que je n est pas de bebe la chose que je savai ...,N√©gatif
lilas-lit19,02/11/2019,Je vous serai toujours reconnaissons de m'avoir op√©r√© le 1981 j'avais mm.pas 1ans j'aimerais tellement faire une consultation mais dommage mon pas donn√© le visa son invitation par votre h√¥pital grand merci,Positif
√©clair-fourchette42,19/10/2019,"Je rejoins compl√®tement le commentaire pr√©c√©dent nous sommes pas entrain de donner une note √† un restaurant,  plut√¥t √† un h√¥pital qui fait tout pour sauver des vies je suis bien plac√©e pour en parler",Positif
danseur-peluche08,19/10/2019,"A tout ceux qui ont mis une √©toile, o√π vous croyez-vous ? Au restaurant ! L'h√¥pital est un service public qui prend en charge gratuitement soins et frais de sant√©. Vous √™tes ind√©cents. La t√™te de la secr√©taire ne vous revient pas ? On s'en fout. Voyagez et vous verrez les choses autrement !",Positif
club-pt√©rodactyle77,10/09/2019,(Traduit par Google) M'a sauv√© la vie le 16 juillet 2019. Je serai toujours reconnaissant(Original)Saved my life on July 16th 2019. I will be forever grateful,Positif
mangue-collier87,14/12/2018,Impossible d'avoir quelqu'un au tel √ß√† coupe,N√©gatif
harmonica-dynamique02,14/12/2018,"Mon epouse a subi une intervention reparatrice sur la valve mitrale. Op√©ration lourde. Cette unit√© est parfaite. Comp√©tence technique  et gentillesse, prise en charge de la douleur du patient, du stress des proches. Administratif serieux et  serviable. Un des meilleurs service en France. Merci a eux. Bravo pour leurs per performance . Si vous etes amen√©s a y aller vous  √™tes  en de bonnes mains.",Positif
carte-faute96,09/11/2018,Manque un peux  d'explication a la prise en charge mais ensuite qualit√© des soins vraiment au top,Positif
fourchette-salle97,09/11/2018,"Hospitalisation de 3 jours en cardiologie pour une ablation par radiofr√©quence.Tr√®s bonne √©quipe soignante.Tous le personnel est vraiment a la disposition et au bien √™tre des patients : L'accueil, les femmes de m√©nage, les brancardiers, les aide-soignantes, bien sur les infirmi√®res et les m√©decins.",Positif
Anonyme,24/05/2024,Le calme,Positif
Anonyme,24/05/2024,L'attente aux urgences est beaucoup trop longue,N√©gatif
Sandrine,14/02/2024,Le personnel est accueillant,Positif
Sandrine,14/02/2024,"Retour de la r√©daction du compte rendu d'imagerie apr√®s examen, comme dans tout autres services concurrents. Pour moi 12 jours d'attente, √† passer quasi tout les jours r√©clamer ce compte rendu c'est moyen !!",N√©gatif
Belot Nathalie,19/10/2023,Prise en charge avant et pendant et apr√®s interventions,Positif
Belot Nathalie,19/10/2023,Roen,N√©gatif
LR,21/04/2023,ma sortie.,Positif
LR,21/04/2023,un peut plus d humanit√©.,N√©gatif
arnaud cypryszak,05/01/2023,Prise en charge au top,Positif
Personne en col√®re,12/12/2022,"Depuis une prise en charge avec le samu il y a +1 mois le cardiologue d√©cide d'un suivi avec le rythmomologue. A ce jour, jamais personne m'a contact√©. C'est pas s√©rieux ! pas de suivi du patient, voire un cardio qui doute de l'efficacit√© d'un scan des coronaires dans les services du Centre Hospitalier de Valcs. 
Ca donne confiance !
Au minimum un suivi des dossiers. Merci d'avance",N√©gatif
Seli,09/08/2022,"Prise en charge rapide aux urgences de ma fille de 7 mois, tr√®s bon suivi lors de son s√©jour",Positif
Seli,09/08/2022,Manque de clart√© dans les explications,N√©gatif
Eli21,02/04/2022,Rien,Positif
Eli21,02/04/2022,L'attente et prendre la d√©cision serieuse,N√©gatif
Ana√Øs,31/03/2022,"Revoir le personnel 
On renvoie d√®s b√©b√©s chez eux sans leur faire des examens car il y a trop de monde, r√©sultat l √©tat du b√©b√© c‚Äôest aggrav√© et aurai pu tr√®s mal tourner si la maman n‚Äôaurait pas insister, j‚Äôai gard√© le nom de cette femme, honte √† elle, elle n‚Äôas rien √† faire √† l‚Äôh√¥pital",N√©gatif
Anonyme,02/05/2024,Rien,Positif
Anonyme,02/05/2024,"La psychiatre qui nous a re√ßu n'a pr√™t√© presque aucune attention aux sympt√¥mes et √©l√©ments pr√©sent√©s pour √©tablir un diagnostic de trouble du spectre autistique. Son focus a largement √©t√© sur une part d'une enfance typiquement sujette au masking, et sur les handicaps physiques de la patiente, et non psychologiques. A la fin de l'entretien, sa conclusion a √©t√© qu'il ne sert √† rien de poursuivre le diagnostic par des tests suppl√©mentaires parce que la patiente ""la regardait dans les yeux"". Cet √©l√©ment √† lui seul n'est pas suffisant pour √©tablir un diagnostic TSA, ce qu'elle a reconnu, mais elle a refus√© d'expliquer clairement tout autre raisonnement l'amenant √† refuser le diagnostic. Nous avons essay√© d'insister en pr√©cisant que nous n'avions pu qu'effleurer tous les motifs nous amenant √† pratiquer ce diagnostic, mais elle n'a rien voulu entendre, se contentant de se r√©fugier derri√®re le classique ""c'est moi le sp√©cialiste"". Red flags, manque de professionnalisme... Service √† fuir !",N√©gatif
Parisienne 12,10/04/2024,D'avoir re√ßu les soins n√©cessaires √† mon √©tat merci aux m√©decins,Positif
Parisienne 12,10/04/2024,"L'attitude du personnel, on ne sait si ce sont des infirmi√®res, infirmiers, rien ne les distingue des autres personnes officiant dans les chambres √† part le personnel de nettoyage, et pour les autres, une seringue ou autre ustensile, un uniforme ou une insigne serait bienvenu pour les identifier ; je regrette aussi la familiarit√© que se permettent certains soignants, ce qui m'a beaucoup choqu√©e, ils ne savent pas garder leur distance.",N√©gatif
Mami,12/11/2023,"J'ai enormement appr√©ci√© le fait que le m√©decin prennent la peine de m'√©couter, de me conseill√© et de me faire comprendre la maladie que j'ai.  Il ont su me rendre mon hospitalisation agr√©able. Les chambres sont grande et bien am√©nag√©es. le mat√©rielle tr√®s efficace et personnel ( pas comme dans l'ancien h√¥pital dans lequel j'√©tais) les infirmi√®res sont toujours agr√©able et tente de nous rassur√© le plus possible. La nourriture √©tais juste excellente. les aides soignantes ont tous √©t√© au petit soins avec moi. j'ai √©t√© en m√©decine interne et je suis mineur. il y avais la totalit√© des autres patient beaucoup plus √¢g√©e que moi mais malgr√© tout je n'√©tais pas d√©rang√©. j'ai pu √™tre examin√© rapidement, pass√© des teste et √™tre diagnostiqu√© d'une maladie tr√®s rapidement ( le lendemain de mon arriv√©, ils ont trouv√© ce que j'avais ) Cette h√¥pital a les meilleurs sp√©cialiste, les mat√©riaux n√©cessaire et du personnel comp√©tent.",Positif
Mami,12/11/2023,je sugg√©rerai qu'une √©ductrice passe dans les chambre des personnes mineurs malgr√© qu'elle ne soit pas en p√©diatrie,N√©gatif
Anonyme,11/10/2023,Rien,Positif
Anonyme,11/10/2023,Covid long. Tremblements. Vertiges. Tachicardie. Je ne peux plus respirer apr√®s 10 pas. Je ne tiens plus sur mes jambes. Peux pas manger 5-6 jours de suite. Vomissements. Selles jusqu' a 10x/ jour. Demangeaisons. Frissons. Je prends un Uber 32km et j' y vais. Apr√®s 2h d' attente un interne m' envoie a la maison. J' ai pris un Uber ou je suis revenue a la maison,N√©gatif
Rene,18/09/2023,Le s√©rieux de la prise en charge,Positif
Rene,18/09/2023,Infirmi√®res un peu trop surcharge de travail,N√©gatif
Jack Sparrow,04/09/2023,Infirmiers et sage femmes accueillants,Positif
Jack Sparrow,04/09/2023,"Accueil au niveau administratif, accompagnement post op√©ratoire, propret√© des lieux, douche dans les chambres, √©quipement dans la salle de bain",N√©gatif
Va dans le priv√©,03/08/2023,Rien,Positif
Va dans le priv√©,03/08/2023,La formation  la communication verbale la bienveillance,N√©gatif
Gege,24/07/2023,"Le service m√©dical
L'attention d'un personnel soignant",Positif
Gege,24/07/2023,"La nourriture √† revoir de A a Z
Je sugg√®re que le personnel m√©dical goutte les plats. Je suis sur que le gamelle est bien meilleur dans les maisons d'arr√™t que de sant√©",N√©gatif
Alex,10/07/2023,"Rien, nul, z√©ro.",Positif
Alex,10/07/2023,"Tout, des connaissances au c√¥t√© humain.",N√©gatif
moogly,05/06/2023,?,Positif
moogly,05/06/2023,"Plus d'√©coute, et une meilleure prise en charge de la douleur...",N√©gatif
Anonyme,10/05/2024,"L‚Äôinterne , qui a √©t√© la seule personne √† bien faire son m√©tier",Positif
Anonyme,10/05/2024,"Je d√©plore totalement la fa√ßon dont le Dr /mod√©r√©/ m‚Äôa trait√©e . 
Elle ma litt√©ralement HURL√â dessus et humili√©e , d‚Äôapr√®s elle je n‚Äôavais rien √† faire aux urgences un jour f√©ri√©. On ne m a JAMAIS trait√©e de la sorte et encore moins dans un contexte m√©dical. Je pr√©cise que je ne me permet pas d‚Äôaller aux urgences tous les 4 matins ! On n‚Äôy va pas par plaisir ! 
Elle m‚Äôa mise dehors avec aucune explication et une ordonnance pour ‚Ä¶. La diarrh√©e ..???? Je n‚Äôai pas du tout de diarrh√©e ! Et elle le savait ! 
Une horreur cette personne ! Elle a pass√© √©galement un sacr√© savon √† l‚Äôinterne qui a ¬´¬†os√© ¬ª me faire une prise de sang car j√†vais de la fi√®vre en plus de douleur ing√©rables √† l‚Äôestomac, elle voulait v√©rifier qu‚Äôil n‚Äôy ai pas d‚Äôinfection naturellement! 
Ah oui elle a fait de m√™me √† un monsieur qui √©tait en pleine crise de calculs r√©naux ‚Ä¶ 
Bref je ne veux plus jamais avoir √† faire ce m√©decin sans aucune empathie !",N√©gatif
Anonyme,22/01/2024,Rien,Positif
Anonyme,22/01/2024,Prenner soins des patients,N√©gatif
Kathy,06/01/2024,"J'ai appr√©ci√© l'accueil ds le service, l'accueil ds le bloc, la couverture chauffante, la musique que j'ai choisi pour accompagner mon anesth√©sie et surtout la comp√©tence de toute l'√©quipe m√©dicale et de ma gyn√©cologue. 
Ds la salle de r√©veil, le personnel √©tait super
Merci vraiment pour votre gentillesse √† toutes et sans oublier les brancardiers.",Positif
Kathy,06/01/2024,.,N√©gatif
AnonymeEtrang√®re,13/11/2023,le travail du SMUR et pompiers,Positif
AnonymeEtrang√®re,13/11/2023,"ne pas donner une prescription d'un m√©dicament mortelle dans mon cas, allergie grave signal√©e",N√©gatif
LilI M,04/10/2023,"le calme, l'√©coute, l'attention et surtout une excellente prise en charge face √† une tr√®s grande douleur. encore merci.",Positif
LilI M,04/10/2023,"Ecouter votre personnel dont le rhume est plus que intense, ils ont beaucoup de m√©rites.",N√©gatif
Anonyme,17/08/2023,rien,Positif
Anonyme,17/08/2023,tout,N√©gatif
Sealcoto,15/04/2023,L‚Äôinfirmi√®re qui a gentiment raccompagn√© mon beau p√®re en salle d‚Äôattente,Positif
Sealcoto,15/04/2023,"Je pense que quand on pr√™te serment pour soigner des gens surtout quand ils viennent de chez SOS m√©decin avec ordonnances scanner prise de sang pour enlever toutes suspicions et surtout quand le patient souffre qu‚Äôil a de la fi√®vre et ne tient pas debout  et bien on respecte ce serment ou on change de m√©tier MR  Docteur /Mod√©r√©/.

R√©sultats analyse faite en urgence √† 7h m√©decin qui appel ,laboratoire qui appel, les r√©sultats ne sont pas bon il faut ce rendre aux urgences  !!!!!
voil√† le verdict DR /Mod√©r√©/, mais revenir vous voir pour que vous traitiez mon p√®re comme un chien!!!! Non merci
Oui parce que la veille vous l‚Äôavez laiss√© ce faire dessus car m√™me pas capable de venir l‚Äôaider quand il demander de l‚Äôaide.

Vous devriez avoir honte!!!!
Merci √† l‚Äôinfirmi√®re d‚Äôavoir propos√© √† mon p√®re de l‚Äôaider √† se d√©placer  jusqu‚Äô√† la salle d‚Äôattente pendant que le DR lui disait  de rentrer chez vous avec Doliprane et que  si cela n‚Äôallait il fallait  revenir avec les pompiers dans la  nuit.

Encore bravo le serment d‚ÄôHippocrate MR le Docteur .",N√©gatif
Sacha,31/03/2023,Rien,Positif
Sacha,31/03/2023,Tout,N√©gatif
Anonyme,07/03/2023,Rien,Positif
Anonyme,07/03/2023,"Personne dans les urgences pediatrique et fait attendre mon fils de 19 mois attendre plus de deux heures en dehors sans nous voir car je voulais passer par se service et non par le m√©decin de garde.
Donc pour la peine elle m'a fait patienter...
Alors que il restait plus qu une personne a l int√©rieur",N√©gatif
Lol,22/01/2023,Rien,Positif
Lol,22/01/2023,Tout,N√©gatif
Dolores,05/02/2024,Rien,Positif
Dolores,05/02/2024,Le m√©decin urgentiste qui ne sert √† rien: il vous dit juste d√©brouillez vous et trouvez un rdvs ailleurs....,N√©gatif
Ameline,23/11/2023,"J'appr√©cie le faite que mon mari soit re√ßu suite √† une chute √† moto √† grande vitesse et qu'ils n'ont pas √©tai fichu de faire des radios ! Mais non Monsieur c'est pas cass√© ! Ils ont des rayons √† la place des yeux certainement ! 
R√©sultats suite √† une seconde consultation aux urgences de Carpentras : fracture avec chevauchement de la clavicule ! 
Comment peut on passer √† c√¥t√© de √ßa ! 
Je sugg√®re que le directeur de cet h√¥pital soit plus regardant sur le personnels qu'il embauche !",Positif
Ameline,23/11/2023,Du personnel plus comp√©tant !,N√©gatif
Michto,23/06/2023,Rien !!!!!!!!!!!!!!!!,Positif
Michto,23/06/2023,"Tout changer pour que cet √©tablissement soit juste ""normal""!!!!!!!!",N√©gatif
Anonyme,02/04/2023,les infirmi√®res matin,Positif
Anonyme,02/04/2023,les infirmi√®res apr√®s midi,N√©gatif
Mike,16/01/2023,L'√©quipe soignante,Positif
Mike,16/01/2023,Les repas ne sont vraiment pas bons.,N√©gatif
Patrick,30/12/2022,J'ai appr√©ci√© le professionnalisme mais aussi la gentillesse et la patience des personnels soignants et techniciens de surface . Un grand merci √† tous ces personnels. Ils ont su rendre mon s√©jour plus supportable  apr√®s avoir contract√© un COVID grave.,Positif
Patrick,30/12/2022,La r√©novation des chambres que je trouve un peu v√©tuste et petites pour les chambres double.,N√©gatif
Vmb,12/11/2022,Rien,Positif
Vmb,12/11/2022,La moindre humanit√© est de s‚Äôoccuper du malade et de donner des nouvelles aux accompagnants avant 7 h d attente,N√©gatif
Jimmy,19/10/2022,"Gastro-ent√©rologues pas du tout au niveau et pas mal de lacunes, compar√©s avec leurs homologues.
Insuffisants de surcro√Æt. 
Gros besoin de changement dans ce domaine de l'h√¥pital...",N√©gatif
Ariane,15/09/2022,"L'√©coute et la r√©activit√© du chirurgien !
Le personnel soignant, infirmi√®res et aides-soignantes ! Des humains tout simplement !",Positif
Ariane,15/09/2022,"L'ALIMENTATION : 
Mr Le Directeur, allez-vous asseoir avec un patient lors de son repas. C'est catastrophique. Plats industrialis√©s sans go√ªt, immangeables. Les plats sont repropos√©s tous les jours 2 fois par jours, r√©chauff√©s et encore r√©chauff√©s jusqu'√† la date de p√©remption. Parfois les barquettes sont l√©g√®rement ouvertes donc plus herm√©tiques = danger ! vraiment il faut faire quelque chose !!! Apr√®s un op√©ration le seul lien qui nous relie √† la vie est alimentaire alors si en plus  celui-ci reste n√©faste alors qu'il devrait √™tre reconstructif, cela est  inacceptable. Surtout que votre √©tablissement est v√©tuste certes, mais son architecture est belle et votre personnel au top... Revoyez l'alimentation SVP !!!",N√©gatif
Mumu,08/07/2022,"La qualit√© des soins, la propret√© de l'√©tablissement, la disponibilit√©, la comp√©tence, le professionnalisme et la gentillesse  du personnel.",Positif
Mumu,08/07/2022,Le seul b√©mol: le service t√©l√©vision dans les chambres est vraiment obsol√®te. Sofratel devrait am√©liorer son service.,N√©gatif
V√©rit√© anonyme,05/07/2023,Rien,Positif
V√©rit√© anonyme,05/07/2023,"Commenc√© par chang√© votre fonctionnement sur les entr√© au urgence.
Vous n'avez pas le droit de refuser les fran√ßais dans votre h√¥pital et faite en sorte que les infirmi√®res reface des √©tude dans la discussion entre patients et infirmi√®res car il sont tr√®s mal poli et d√©sagr√©able",N√©gatif
Marc06,20/12/2022,Le service vous appel le lendemain pour prendre des nouvelles tr√®s tr√®s sympathique merci,Positif
Jic√©g√©,28/08/2022,"Merci au docteur Briand et √† Gladys pour leur accueil, leur efficacit√© et leur gentillesse",Positif
Karine,28/02/2022,Le syst√®me D,Positif
Karine,28/02/2022,"L'accueil, les soins, la ponctualit√© des infirmi√®res",N√©gatif
John,16/06/2021,Impossibilit√© de garer nos ambulances pour d√©poser nos patients √† la clinique. Les places r√©serv√©es ambulances sont toutes prises par les v√©hicules civils et de soci√©t√©s priv√©s qui n‚Äôont rien √† faire l√†. La clinique ne fait rien pour am√©liorer les choses et la ville pas grand chose de plus..,N√©gatif
flo,28/04/2021,rien,Positif
flo,28/04/2021,"donner des cours d'amabilit√© au personnel
services introuvables personne pour renseigner
m√©decin insouciants... accueil immonde",N√©gatif
Laetue34,20/04/2021,"Bonjour
Nous sommes venus pour la premi√®re fois avec mon petit gar√ßon de 6 ans voir le docteur AL KOUARI;
M√©decin √† l'√©coute ,tr√®s comp√©tent .Une secr√©taire tr√®s agr√©able et comp√©tente.
Tel bel endroit.
Bravo",Positif
Laetue34,20/04/2021,RAS,N√©gatif
Evelyne,22/07/2020,La propret√©,Positif
Evelyne,22/07/2020,"Mon p√®re √¢g√© de 97 ans a √©t√© hospitalis√© apr√®s un passage aux urgences suite √† une difficult√© respiratoire..
Il a √©t√© transport√© dans une chambre au 3√®me √©tage ..  et l√†  le cauchemars pour lui commence‚Ä¶ des jeunes infirmi√®res - aides soignantes (d√©butantes ou rempla√ßantes .. Nous sommes au mois de juillet )  mauvaises .. sans humanit√© et aucunement √† l‚Äô√©coute .. Elles n‚Äôont eu aucun respect pour le malade.. On voit de suite qu‚Äôelles n‚Äôaiment pas leur travail et font √ßa de fa√ßon automatique sans professionnalisme.

Elles arrivent √† 2 dans la chambre sans aucun bonjour ni mot pour le d√©tendre .. Elles lui prennent la tension sans dire quoi que ce soit, une le tutoie et l‚Äôappelle par son pr√©nom ¬´ le vieux L√©on ¬ª .. un manque total de respect !   
Mon papa n‚Äôentend pas tr√®s bien .. elles ne font aucun effort et n‚Äôarticulent pas .. On voit bien qu‚Äôelles n‚Äôont pas l‚Äôhabitude des personnes √¢g√©es .. Il y en a une qui crie s√®chement et fort pour lui parler (ouille une voix stridente) alors qu‚Äôil suffit simplement de parler lentement et d‚Äôarticuler .. .elles sont s√®ches et se foutent de lui.. Elles se regardent toutes les 2 et l√®vent les yeux au ciel .. ne lui donnent pas √† port√© de main la sonnette qui est par terre.. ni la t√©l√©commande qui est derri√®re lui .. partent en laissant la lumi√®re alors qu‚Äôil a mal aux yeux‚Ä¶ Il a l‚Äôimpression de les ennuyer .. Il n‚Äôose pas appeler quand il a besoin de quelque chose.. Il a souffert du dos toute la nuit aucun passage.. On ne lui a rien donn√© pour le soulager .. Une honte !   
Nous √©tions l√† avec ma soeur et on a vu leur fa√ßon d‚Äôagir.. 

Il a √©t√© vu par 3 m√©decins qui s‚Äôoccupent des autres √©tages mais sans suivi et en coup de vent 

On l‚Äôemm√®ne faire un examen et on le laisse plusieurs heures dans le couloir .. On le ram√®ne dans sa chambre sans lui avoir fait passer son examen  sans rien lui dire ..  sans aucune attention .. 
On le ram√®ne pour un examen des yeux .. il faut qu‚Äôil se mette droit afin qu‚Äôon l‚Äôausculte .. mon p√®re n‚Äôarrive pas √† se soulever .. personne pour l‚Äôaider.. on le ram√®ne dans sa chambre sans lui avoir rien fait.. 

Le lendemain des brancardiers viennent le chercher pour l‚Äôemmener √† l‚Äôh√¥pital Pasteur pour un examen .. Les brancardiers le d√©posent dans un couloir et il y reste toute l‚Äôapr√®s midi .. On le ram√®ne sans avoir vu personne .. ni aucune explication.
Il doit passer un scanner de la t√™te suite √† la perte de son oeil gauche.. On l‚Äôemm√®ne de nouveau sans lui dire ce qu‚Äôon va lui faire .. Mon p√®re est claustrophobe et il ne supporte pas le scanner .. quand il se trouve dans ce tube il se demande ce qu‚Äôil se passe et il crie et bouge .. personne n‚Äôest l√† pour lui expliquer .. on le ram√®ne comme un objet dans sa chambre sans rien lui avoir fait ‚Ä¶ 
Mon p√®re est traumatis√© par son passage √† la Clinique Saint Jean .. il a de plus en plus mal au dos car les brancardiers l'ont d√©plac√© durement..

Aucune compassion pour mon pauvre papa qui √©tait mal en point.

Personne pour nous dire quand il sort ..aucun suivi ..
 On a pris la d√©cision de l‚Äôenlever de cet endroit pour l‚Äôemmener dans un lieu avec un accueil plus humain et des infirmi√®res √† l‚Äô√©coute et o√π il se sentira plus en s√©curit√©.. 

Surtout quand on est √¢g√© ne pas venir se faire soigner √† la Clinique Saint Jean..",N√©gatif
PASSIONNASIE,22/07/2020,La propret√©,Positif
PASSIONNASIE,22/07/2020,l'humanit√©s infirmi√®res pour s'occuper des personnes √¢g√©es,N√©gatif
Popolinette,17/03/2020,Le service m√©decine 3 √®me √©tage au top personnel adorable.,Positif
Popolinette,17/03/2020,Je sugg√®re de changer le personnel du 2 √®me √©tage un gros manque de professionnalisme vraiment equerant.,N√©gatif
Anonyme,16/02/2024,"Accueil , rapidit√© dans la gestion de la douleur mais aussi dans l'√©tablissement du diagnostic et le traitement. Tout a √©t√© parfait. 
Mon fils 17 ans luxation de la l'√©paule pendant un match de rugby, en 2h tout est fait, administration de m√©dicaments efficaces, radio, remise en place de l'√©paule , radio de contr√¥le et ordonnance..infirmi√®res, aides soignantes et m√©decins agr√©ables et comp√©tents. Ils ne lui ont m√™me pas d√©coup√© les √©paulettes et son maillot de match. Milles merci",Positif
Anonyme,16/02/2024,Le point n√©gatif :  l'√©tat des toilettes n'√©tait pas optimum.. voir m√™me tr√®s tr√®s limite..,N√©gatif
ENJALBY CHANTAL,05/12/2023,"Le perfectionnisme de l √©quipe, les soins re√ßu",Positif
ENJALBY CHANTAL,05/12/2023,Plus de box ind√©pendants,N√©gatif
JPM,03/12/2023,"Le premier diagnostic rapide a √©t√© efficace et a donn√© lieu √† une prise en charge rapide (radios, antidouleur, ...). Tous les actes ont √©t√© expliqu√©s avec une vrai bienveillance. J'ai trouv√© le personnel tr√®s sympa et impliqu√©. M√™me pas besoin de sonner pour obtenir une bouteille d'eau !",Positif
JPM,03/12/2023,"Restez vous m√™me et aussi disponible !

Un grand merci !",N√©gatif
Fr√©d√©ric,12/09/2023,"Mon gamin il est ouver au niveau de la t√™te il on juste mis de la colle on disant c pas grave .... et apr√®s consultation mon m√©decin traitant puisque visiblement j trouve que c grave ,il m'a envoyer √† h√¥pital avignon pour faire deux point √† mon enfant et m√™me le m√©decin l√†-bas il est √©tonn√© de fa√ßon de soins  
Merci h√¥pital cavaillon",Positif
Fr√©d√©ric,12/09/2023,Le soins et l accueil,N√©gatif
Anonyme,27/08/2023,Le d√©part,Positif
Anonyme,27/08/2023,Le respect des patients,N√©gatif
AnonymeCavaillon,07/08/2023,"Personnel bienveillant, rassurant, de bons conseils. Je me suis sentie prise en charge, √©cout√©e, surveill√©e, malgr√© une chirurgie qui s'est mal pass√©e.
Brancardiers, SF, IDE, anesth√©sistes, tous ont √©t√© incroyables",Positif
AnonymeCavaillon,07/08/2023,"Complications suite √† une chirurgie, j'ai senti le chirurgien d√©pass√© et cela ne m'a pas rassur√©e. J'ai eu le sentiment qu'il ne savait pas quoi faire, et m√™me s'il a toujours √©t√© bienveillant je ne me suis pas sentie correctement prise en charge.
J'ai vu plusieurs m√©decin car je suis revenue en urgence √† plusieurs reprises sur 10 jours, et j'ai le sentiment qu'aucun des 3 m√©decins que j'ai vus n'avait la m√™me vision des choses et que les infos donn√©es par l'un n'√©taient pas communiqu√©es √† l'autre.",N√©gatif
Anonyme,16/07/2023,Rien,Positif
Anonyme,16/07/2023,De fermer l h√¥pital,N√©gatif
Monica,21/01/2023,Juste la gentillesse du docteur,Positif
Monica,21/01/2023,Plus de soignants car trop tension et de travail ce qui entra√Æne un climat conflictuel,N√©gatif
A fermer,19/07/2022,"Rien de bon, le fermer",N√©gatif
Anonyme,02/02/2024,Absolument rien,Positif
Anonyme,02/02/2024,"M./mod√©r√©/devrait se rappeler les bases de son serment! Je suis arriv√©e en retard car l‚Äôaccueil des consultations m‚Äôa orient√© sur un autre centre. J‚Äôai su apr√®s que je devais me pr√©senter √† l‚Äôaccueil radiologie alors que j‚Äôavais rendez-vous pour une‚Ä¶consultation! M. /mod√©r√©/ accepte de me recevoir. Cela compense l‚Äôerreur du pr√©c√©dent service mais pas la perte d‚Äô√©nergie √† courir entre les deux centres. M./mod√©r√©/ m‚Äôa accueilli en me grondant comme une enfant au milieu de la salle d‚Äôattente! Il m‚Äôest inconcevable de confier ma sant√© √† un homme dont l‚Äôirrespect n‚Äôa d‚Äô√©gale que sa suffisance. Le tout droit du savoir √©tant r√©volu, la confusion entre client√®le et patient√®le √©tant inacceptable, je choisis de m‚Äôadresser √† un autre radiologue.",N√©gatif
Anonyme,30/01/2024,Rien,Positif
Anonyme,30/01/2024,"Il y a clairement un manque de formation,  cette jeune fille fut brutal et a totalement manqu√© de pudeur , d√©j√† que je souffrait √† cause de ma hanche elle n'a que accentu√© ma douleur ..... surveill√© vos assistants qui font du z√®le",N√©gatif
B√©atrice,25/01/2024,"L'accueil le sourire l'organisation le professionnalisme DE TOUT les intervenants , l'hygi√®ne la propret√©. ...",Positif
B√©atrice,25/01/2024,"Rien car tout est parfait. L'accueil , le personnel tr√®s comp√©tent √† tous les niveaux, la propret√©, l'hygi√®ne.  Ruen √† redire et merci aux grands chirurgiens qui sont tr√®s qualifi√©s et de grands travailleurs . Merci √† eux d'√™tre l√† pour nous . 

B√©atrice H.",N√©gatif
Gis√®le,27/09/2023,"La sympathie, l‚Äôempathie de tous les praticiens que j‚Äôai rencontr√©s",Positif
Gis√®le,27/09/2023,"Le parking, √©videmment 
Il est tr√®s cher et souvent complet ce qui nous oblige √† beaucoup anticiper
On se prend de grosses factures, le parking est une d√©pense suppl√©mentaire √† prendre en compte lorsqu‚Äôon ne peut pas venir en transport en commun",N√©gatif
Anonyme la nounoute,23/09/2023,"La rapidit√© de prise en charge , la bonne gestion de la douleur , la gentillesse",Positif
Anonyme la nounoute,23/09/2023,"Certain personnel n est pas agr√©able : pas de sourire , pas d amabilit√©, et r√©pondant mal au patient : exemple : lors de mon s√©jour pour arthrod√®se lombaire, j ai eu √† faire √† une ASH : /Mod√©r√©/ , qui n est pas aimable , r√©pondant mal , mais qui a le temps de faire des selfis dans le couloir face √† la chambre 
Ce genre de personne est rare . Heureusement !!!",N√©gatif
Patient,19/01/2023,Le contact humain aussi bien avec le docteur ray qu'avec son personnel toujours √† l'√©coute de nos attentes,Positif
Patient,19/01/2023,Le s√©jour en chambre,N√©gatif
Chan,03/05/2022,Le chirurgien,Positif
Chan,03/05/2022,"L'accueil pour plus de pr√©cision sur les tarifs des chambres etc....
Le personnel soignant, la prise en charge du patient!",N√©gatif
Joe Dalton,11/06/2021,"Pour la traumatologie sans rendez-vous, il faudrait pr√©ciser dans la limite des places disponibles ! Car soi-disant c‚Äôest jusqu‚Äô√† 18h30 mais en fait m√™me largement avant on peut vous dire de rentrer chez vous parce qu‚Äôil a plus de place",N√©gatif
michel,15/04/2021,Une clinique super un personnelle tr√®s proffessionelle je suis satisfait de tous le monde merci a tous le monde,Positif
michel,15/04/2021,aucune chose tous est parfait,N√©gatif
Manue,13/02/2021,"Personnel et docteur √† l' √©coute
Continuer comme √ßa bravo",Positif
Anonyme,17/01/2024,"Rien, ma petite fille, √¢g√©e de 6mois, envoy√© au urgence par le m√©decin r√©gulateur suite √† tr√®s grosse fi√®vre qui ne descend pas et difficult√© √† respirer, a notre arriv√©e, personne ne l'a occult√©, l'infirmi√®re a juste dit de donner du doliprane, 20 kms pour entendre cela, vive le service public",Positif
Anonyme,17/01/2024,"Respecter les patients qui sont en d√©tresse, un peu d'humanit√©",N√©gatif
Anonyme,06/10/2023,"personnel hyper agreable ,avenant et dans l'empathie toujours √† l'ecoute du patient",Positif
Anonyme,06/10/2023,etre pro tout le temps,N√©gatif
Anonyme,23/03/2023,Assistance sociale,Positif
Anonyme,23/03/2023,"Tr√®s difficile de joindre le service (raccrochage au nez √† de multiples reprises).

Informations contradictoires chaque journ√©e de l'hospitalisation. Peu rassurant.",N√©gatif
socrate,03/01/2023,rien,Positif
socrate,03/01/2023,un peu plus de gentillesses et d humanit√©s,N√©gatif
Patm,19/12/2022,Le personnel,Positif
Patm,19/12/2022,La literie est compl√®tement hs. Changner les cuisiniers je pense qu'il lave les aliments √† l'eau de vaisselle,N√©gatif
Bea,08/07/2022,"je ne sais pas, peu de choses.",Positif
Bea,08/07/2022,"Tout, mais notamment la communication √† la famille du patient. 5 coups de fil dans la journ√©e pour que dalle ou presque.",N√©gatif
,27/05/2022,L'√©coute de l'√©quipe et de ma neurochirurgienne,Positif
Zina,30/04/2022,"La propret√© des locaux
Prise en charge du patient au niveau m√©dical 
La plupart du personnel est super",Positif
Zina,30/04/2022,"Respect du patient et de sa famille
√ätre √† l‚Äô√©coute du malade et de la famille 
Manque de professionnalisme pour certain
Ils se couvrent entre~ eux  pour minimiser leurs fautes et vous rendre coupable . √âc≈ìurer",N√©gatif
Breizhou,18/03/2022,Rien,Positif
Breizhou,18/03/2022,"A fuir car il n'y a que des Internes Ind√©cis qui prennent en charge les enfants et niveau hygi√®ne et prise en charge c'est catastrophique.
Beaucoup de secr√©taires et pas assez de soignants.",N√©gatif
Malicia Hamitouche,10/03/2022,"Certaines aides soignantes √©taient extr√™mement sympathique et √† l'√©coute, au contraire des m√©decins de ce service",Positif
Malicia Hamitouche,10/03/2022,"Il faut am√©lior√© le suivi des m√©decins, peut-√™tre m√™me envisager de renvoyer certain √† l'√©cole, le suivi a √©t√© ex√©crable concernant les m√©decins du service neuro ; il aura fallu que la famille du patient insiste pour qu'il y ai des examens. Plusieurs m√©decins pr√©cisent qu'une sortie de coma peut-√™tre tr√®s longue pour se r√©tablir, allant jusque deux ans. Ce qui visiblement n'est pas quelque chose de connu par vos services. Le patient restait attach√© dans ses urines, jusqu'√† ce qu'un membre de la famille arrive pour demander le changement de drap....parfois sec, tellement √ßa faisait un moment. Aucune empathie, que ce soit pour les patients ou pour leur familles. Aucune expertise et surtout aucun conseils pour aider le patient √† se r√©tablir. Tout ce qui a √©t√© mis en place au sein du service, ne l'a √©t√© que par la demande de la famille, ou √† son initiative, comme les balles de r√©√©ducations, achet√©es par la famille, car cette h√¥pital estime que c'est inutile et n'en fourni pas; cependant, ils se laissent le droit de les ""r√©quisitionner"" au d√©part du patient, pr√©textant que leur Kyn√© utilisent les m√™mes.
En bref, ne surtout pas remettre vos proches entre les mains de /Mod√©r√©/, ce n'est ni plus ni moins, ce qu'ils sont ; et ceci n'est absolument pas un commentaire anonyme, je souhaite sinc√®rement que les m√©decins (incomp√©tents) en question sachent d'o√π √ßa vient.",N√©gatif
Anonyme,30/03/2024,Rien,Positif
Anonyme,30/03/2024,La politique des Rdv est scandaleuse j'ai pris un RDV tr√®s important pour un IRM cetais le seul RDV que j'ai trouv√© avant des mois la veille du RDV je re√ßois un mail √† 7h00 qui me dit que si je ne confirme pas le RDV avant 12h il sera annul√© ayant un probl√®me familial ce matin en question je n'est pas consult√© mes mail donc mon RDV a √©tais annul√© √† 12h. Je suis actuellement sans RDV alors que je dois me faire op√©rer,N√©gatif
Anonyme,18/10/2023,"Rien, toilette d'autoroute , pseudo infirmi√®re, piqu√© 3 fois pour 1 cath√©ter, aucune hygi√®ne, accueil limite, jamais je ne retournerai dans cet √©tablissement,
J'esp√®re que le scanner a √©t√© fait correctement.",Positif
Anonyme,18/10/2023,Tout,N√©gatif
fred69,17/09/2022,Rien,Positif
fred69,17/09/2022,Les comp√©tences du personnel hospitalier !,N√©gatif
Loi feuillage,08/09/2022,Certain personnel font ce qu‚Äôils peuvent,Positif
Loi feuillage,08/09/2022,"La climatisation. Le prix excessif pour ch seule 85 euros jour, TV 6 euros par jour",N√©gatif
Maxwell69,06/05/2022,"Rien l'√©tablissement est insalubre.
Le personnel irrespectueux envers les patients",Positif
Maxwell69,06/05/2022,"Absolument tout est √† am√©liorer, surtout l'hygi√®ne",N√©gatif
mu,03/03/2022,"secr√©taire souriante et agreable
radiologue a l'aise avec mon enfant",Positif
mu,03/03/2022,salle d'attente plus chaleureuse,N√©gatif
Mian,27/01/2022,"Accueil de la secr√©taire √©tait pas mal, mais pas top.",Positif
Mian,27/01/2022,"La manip radio d√©bord√©e la pauvre, ce qui fait qu'elle encha√Æne les patients comme des produits √† la caisse koi, si je ne lui avais pas pos√© des questions concernant l'examen elle ne m'aurait pas dit d'elle m√™me. Le radiologue qui ne te consacre que 30 sec pour te faire un bilan positif ya rien vous √™tes jeune.... ALORS QUE JE SOUFFRE. Comment est ce possible de ne rien voir alors qu'on souffre de douleurs. J'ai donc des doutes sur les r√©sultats.
TOILETTES ü§Æü§Æ on dirait celle d'une AIRE D'AUTOROUTE et encore, celle-ci est des fois plus propre, c'√©tait d√©gueulasse et 0 papier... Pas du tt satisfaite...",N√©gatif
Babe,11/12/2021,La Secr√©taire du Laboratoire est D√©sagr√©able et pas du tout PROFESSIONNEL.... On attendait notre tour √† l'accueil nous a demand√© notre Nom puis au lieu de nous enregistrer... elle √† fait autre chose envoie d'un mail √† un laborantin Chose qu'elle aurait d√ª faire Une fois apr√®s avoir fini avec nous.... Une Abrutis.‚Ä¶Elle a eu de la chance que je l'ai pas envoy√© Chier...vu la mani√®re dont elle m'a r√©pondu !!,Positif
Babe,11/12/2021,Quelle Fasse Ses Courriers mails une fois apr√®s avoir termin√© avec le patient,N√©gatif
Peur,17/11/2021,Tout est √† am√©liorer !,N√©gatif
Moi,06/10/2021,"La clinique et son personnel disponible

La kin√©sith√©rapie 

Le syst√®me d'une di√©t√©ticienne qui vous soumet les menus avant votre choix s'est r√©v√©l√© terriblement efficace pour moi qui n‚Äôaime rien : pr√©sence de 3 semaines et une seule assiette repartie intacte sur 42 servies !",Positif
Moi,06/10/2021,"Les douches : premi√®re douche, de l'eau jusqu'au... lit !

la ma√Ætrise de l'eau chaude toilette et radiateur",N√©gatif
Anonyme,02/05/2024,Les infirmi√®res tr√®s d√©vou√©es...font ce qu elles peuvent....,Positif
Anonyme,02/05/2024,"Visite journaliere d un interne ou du chirurgien apr√®s op√©ration suite a complications,  et explications claires de l avant et de l apr√®s......on a l impression que tout le monde se moque de votre √©tat.  On a tr√®s peu de visite du personnel, qui n a pas de temps....Aucune humanit√©. 
Et piti√© changez de cuisinier ! Nourriture immonde ,vraiment immangeable : patates crues...poisson naus√©abonde....comment peut on servir cela a des personnes qui ont besoin de r√©confort  et reprendre des forces. !je n ai rien mang√© pendant 5 jours....",N√©gatif
Fanny,07/12/2023,Un grand merci √† toute l‚Äô√©quipe de la neuro-r√©animation qui s‚Äôest merveilleusement bien occup√©e de ma maman. Merci pour votre gentillesse et votre professionnalisme.,Positif
Fanny,07/12/2023,Rien,N√©gatif
Colette47,21/11/2023,"La disponibilit√® du personnel, les explications, des soins imoeccabled, les sourires, des plaisanterie pour la d√©tente, on m a m√™me propos√® de choisir la musique pour l anesth√©sie.",Positif
Colette47,21/11/2023,Pas de suggestions,N√©gatif
Anonyme,13/11/2023,Les sages femmes aide soignante professionnelle rien √† dire sur le suivi,Positif
Anonyme,13/11/2023,La s√©curit√© z√©ro personne surveille √† l'accueil on rentre comme dans un moulin et personne fait rien . Des hommes alcoolis√©s trainent dans les couloirs montent aux services gyn√©cologique et maternit√© sans que √ßa choc personne vraiment pas de s√©curit√© c√¥t√© Maternit√© porte principal aucune surveillance on se sent pas du tout en s√©curit√© autant le personnel soignant avec qui j'ai discut√© que les patients que les visiteurs une catastrophe c'est effrayant de se dire que n'importe qui peut rentrer prendre un b√©b√© ou agresser quelqu'un je comprend pas ce manque de vigilance que ce passe t-il.,N√©gatif
Xavier,11/11/2023,"L'accueil d'une moiti√© du personnel, le total manque d'empathie de l'autre moiti√©.
L'impossibilit√© de rester l√† derni√®re nuit aupr√®s de ma compagne alors que son sort √©tait connu, c'est immonde",Positif
Xavier,11/11/2023,La communication,N√©gatif
Maya,09/09/2023,Je nais pas appr√©ci√©e. Accueil vraiment incroyablement nuls,Positif
Maya,09/09/2023,Que l‚Äôh√¥pital est du personnel qui fasse leurs travail. Me dire que je n‚Äôai pas la possibilit√© de joindre mon fr√®re en chambre car j‚Äôappelle d‚Äôun t√©l√©phone portable. Me dire que le t√©l√©phone portable de mon fr√®re fonctionne car elle l‚Äôentend sonner c‚Äôest inadmissible. Cordialement,N√©gatif
JEANNE,15/07/2023,Prise de risque calcul√©e,Positif
JEANNE,15/07/2023,"Il est impossible d'am√©liorer le comportement de certaines infirmi√®res vis √† vis des patients - C'est un manque av√©r√© de professionnalisme. Cette cat√©gorie d'infirmi√®res d√©shonore la profession ; se sentant en position de force vu le manque de professionnel elles ne respectent aucune r√®gle, faisant preuve de maltraitance √† l'√©gard des patients et sont de vrais ""boulets"" pour l'√©quipe, prenant l'ascendant sur leurs coll√®gues. Elles m√©ritent des bl√¢mes et m√™me des mise √† pied !",N√©gatif
Anonyme,05/05/2023,Le diagnostic et les soins sont excellents,Positif
Anonyme,05/05/2023,Je n ai pas trop attendu car transport d urgence,N√©gatif
Cristelle-Annah,15/04/2023,"Je remercie vivement toute l'√©quipe et tout le personnel de sant√© du service des soins intensifs de Pellegrin ,  √† l'√©coute, souriant, aimable, le personnel est attentionn√©, et chaleureux. Merci.",Positif
Cristelle-Annah,15/04/2023,Rien √† dire de n√©gatif!,N√©gatif
Personne en col√®re,10/01/2023,Rien,Positif
Personne en col√®re,10/01/2023,"Prise en charge 
Prise en compte de la douleur 
Accompagnement des patients 
Indications fournies 
Qualit√©s de soins m√©diocre 
Service de secr√©tariat √† revoir en tout point",N√©gatif
Ils me reconna√Ætront,03/05/2024,Certains infirmiers qui sont √† l √©coute,Positif
Ils me reconna√Ætront,03/05/2024,"Occuper les patients, ne pas 2h30
 pour l amener au WC, hygi√®ne d√©plorable   , aucun mat√©riel (oreillers, petite cuill√®re)
Faire le pt avec des dr qui levent les yeux au ciel ou vous zappent complet
Avoir des groupes de paroles, repecter les patients, nous sommes des animaux en cage, parletr du pb de l hospitalisation, de l ampathie, conna√Ætre au moins les bases de travail car un avocat a le droit d appeler les psy, expliquer nos droits, pas nous mentir et nous faire croire que l on sortir le we, 
reconna√Ætre une erreur professionnelle heureusement certains savent faire leur travail, √©couter les patients de chirurgie afin d am√©liorer le post op. On est pas des animaux !! R√©pondre aux patients sans attendre 3h, aider ds les d√©marches adm, ne pas nous faire manger en 15 min, savoir faire les transmissions sans les √©garer, la  politesse, moi les 2 psy, le cadre et un interne m'ont manqu√© de respect, laver les avant de les dresser, ne pas vapoter ds le bureau, √™tre HUMAIN,
900‚Ç¨ LA JOURNEE",N√©gatif
,18/05/2022,"les repas excellents, l‚Äôenfermement, les s√©ances de psychologie, la vue sur l‚Äôarbuste, la cour immense rempli de barbel√©s",Positif
,18/05/2022,enfermez les gens √† cl√©s et attachez les,N√©gatif
Jade33,16/06/2021,"Horrible,  salari√©s incomp√©tent,  mon fils ,s'est sauv√© du service, il √©tait all√© demander les clefs √†  un infirmier et celui ci lui a r√©pond...attendez on met un patient sous contention.....h√¥pital √†  √©viter si l'on √†  le choix....ils m'ont t√©l√©phon√© √† 23h.en me demandant si mon fils √©tait chez moi.....il ne se sont pas aper√ßus  que mon fils n'√©tait pas venu pour le repas de 19h.
On devrai interdir les portables pour  les salari√©s de l'h√¥pital.
.je les  ai vu sur fb, pendant que les malades deambulent comme des zombies drogu√©s dans les couloirs...mon fils avait un traitement prescrit par la psyquiatre du service √†  son arriv√©...le personnel ne lui a pas donn√©. 
Un h√¥pital  sans √¢me pour les pauvres malades...√† √©viter",Positif
Jade33,16/06/2021,Mettre de r√®gles au salari√©s,N√©gatif
Paquerette,20/02/2021,Le personnels infirmiers,Positif
Paquerette,20/02/2021,"Leurs methodes scolaires, ne tiennent absolument pas compte du fais que l on supporte ou pas le traitement 
Ils vont promettent au d√©part de r√©ussir √† vous soigner
Ils vous dises que l on y arrivera m√™me si c est long
Et si l on ne supporte pas le traitement instaur√© 
L on vous met dehors sans aucun suivi, l on vous fait comprendre que si vous prenez le lithium c est bon sinon on vous jettes comme une merde, et en plus on vous rajoute des 'vous ne vous en sortirais jamais si vous ne prenez pas ce m√©dicament, c est dans votre t√™te votre mal-√™tre
Je n ai jamais v√©cu √ßa et pourtant j ai d√©j√† √©t√© hospitalis√©e
N allez surtout pas dans le service de marie tournier, aucune empathie , de la m√©chancet√©e, et des espoirs des promesses non tenu
Fuyez, j ai √©galement fait un malaise √† cause de doses trop forte de mol√©cules
J ai bien cru y passer, ils sont ni plus ni moins dangeureux",N√©gatif
Paquerette,20/02/2021,"Le personnel infirmier, ils sont tr√®s √† l ecoute, empathiques",Positif
Paquerette,20/02/2021,Leurs m√©thode de soins qui ne sont absolument pas adapt√©s au cas par cas,N√©gatif
Emilie,17/09/2020,"Ils ont /Mod√©r√©/ notre soeur 29 ans. Drogu√©e, administration d'une gelule inconnue le jour de sa mort, 17 h√©matomes, mise √† isolement, morte √©touff√© par des √©pinards (elle detestait les √©pinards). Lorsqu'ils ont d√©couvert ma soeur morte, ils l'ont chang√©, nettoy√© la pi√®ce avant l'arriv√©e du SAMU. Autopsie : Mort naturelle",Positif
Emilie,17/09/2020,Fermer l'hopital,N√©gatif
Lajoiedevivre33,18/07/2020,Le retour √† la maison a fait du bien ! Je m'en suis sortie gr√¢ce √† un psychiatre lib√©ral...,Positif
Lajoiedevivre33,18/07/2020,Des vrais m√©decins humains et comp√©tents ! Les blouses blanche sont m√©disants! Je ne milite absolument pas pour leur augmentation de salaire!,N√©gatif
cesmolina33160,11/07/2020,Ohlala pas grand chose!,Positif
cesmolina33160,11/07/2020,Un peu d'humanit√© de la part de vos m√©decins !,N√©gatif
trompette-rhinoc√©ros83,05/11/2019,Il para√Æt que l'h√¥pital public est d√©bord√© ? Ben pas ici ! Le personnel s'amuse au lieu de s'occuper de leurs patients.4h d'attente... Salle d'attente pourtant vide √âtablissement lamentable et peu soucieux du bien √™tre de ses patients.√Ä √©viter,N√©gatif
Dodege,28/11/2023,"Le Dr Escalante qui m‚Äôa op√©r√© de la main et par la suite infiltrations des genoux par deux fois sur 2 ans 
Non seulement c‚Äôest un excellent chirurgien,  mais aussi un homme sympathique qui n‚Äôest pas avare d‚Äôexplications sur ses interventions.",Positif
Dodege,28/11/2023,"De pouvoir r√©server une consultation par internet 

Que des m√©decins comme Dr/mod√©r√©/ ne vous fasse pas attendre 1h sans vous en dire la raison !  Manque de respect et suis parti sans l‚Äôavoir vu .",N√©gatif
Pbk,14/11/2023,Empathie. Professionnels. Gentillesse.,Positif
Pbk,14/11/2023,Je ne sais pas,N√©gatif
Jocelyne  surjous,11/11/2023,"La prise en charge √©tait parfaite malgr√© mon angoisse 
Je suis sortie du bloc avec le sourire",Positif
Jocelyne  surjous,11/11/2023,"Un peu moins d attente 
Mais ceci n est que un detail",N√©gatif
Anonymous,01/10/2023,Rien rien,Positif
Anonymous,01/10/2023,"Changer des membres du personnel. En r√©animation, une infirmi√®re /mod√©r√©/ et un homme /mod√©r√©/
Odieux m√©chant racistes.",N√©gatif
Mon nom,01/10/2023,Rien rien,Positif
Mon nom,01/10/2023,Changer des membres du personnel.,N√©gatif
Le papa de Marl√®ne,17/09/2023,Rien,Positif
Le papa de Marl√®ne,17/09/2023,L'√©coute du patient et l'envie de soigner les patients,N√©gatif
PatGar,17/08/2023,rien,Positif
PatGar,17/08/2023,"et bien apr√©s 2h30 pass√© aux urgences √† attendre un docteur, ce dernier vous re√ßoit √† la porte de son cabinet pour vous dire qu'il faut aller consulter en ville !!!!! Incroyable, pas de prise de sang, pas de tension rien. R√©sultat un simple test en ville et en avant le covid.",N√©gatif
Vero,13/08/2023,Helas pas grand chose,Positif
Vero,13/08/2023,"Sourire ,m√™me le dimanche !et si ma fille de 20 ans dit qu elle est en accident de travail,merci de la croire et surtout de donner tous les papiers n√©cessaires ,plut√¥t que de se battre pour les obtenir ..tout pourrait √™tre si simple avec du d√©vouement !",N√©gatif
Ludivine,15/06/2023,Rien,Positif
Ludivine,15/06/2023,"La sympathie
L'√©coute
La bienveillance
La bientraitance
La prise en charge des enfants 
La r√©alisation des examens n√©cessaires car oblig√© d'insister pour √™tre pris en charge dignement
Le relationnel
La politesse et le respect car quand on parle mal derri√®re la porte les parents entendent tout !",N√©gatif
Anonyme,10/05/2023,La chambre propre,Positif
Anonyme,10/05/2023,Revoir quelques r√®gles au niveau du personnel service cardiologie ainsi une secr√©taire plus agr√©able avec le respect des gens je suis extr√™mement choqu√© d‚Äôun tel comportement de certaines personnes,N√©gatif
Anonyme,31/05/2024,Ma prise en charge et sage femme adorable,Positif
Anonyme,31/05/2024,Je ne sais pas c'est la premi√®re fois que je vais a cette maternit√©,N√©gatif
Anonyme,31/05/2024,La sympathie du personnel,Positif
Anonyme,31/05/2024,Rien a dire,N√©gatif
Marjorie,31/05/2024,"Accueil agr√©able, explications claires, prise en charge compliqu√©e lorsqu'il y a foule aux urgences. Mais le personnel fait de son mieux, √ßa se voit.",Positif
Marjorie,31/05/2024,"La seule solution, c'est des embauches de plus de personnels. Il devrait √™tre possible de faire un tri d√©j√† aux urgences, ce qui encombrerai bien moins le reste de l'h√¥pital. J'ai d√ª attendre 3 jours pour me faire op√©rer, attention je ne r√¢le pas, quand il y a des urgences vitales c'est normal, mais il devrait y avoir une ""issue de secours"" Je suis rest√©e 3/4 jours et 3 nuits alors que j'aurai d√ª rentrer quelques heures apr√®s l'op√©ration. Oui, on a calm√© mes douleurs, oui, j'ai √©t√© tr√®s bien trait√©e, mais j'ai monopolis√© un lit et du personnel soignant juste pour me garder, je pense qu'il s'agit de d√©penses inutiles, puisque toutes les administrations en sont l√†. Argent - √âconomie - D√©penses Rationnemment - enfin bref, je pense qu'il y a du boulot et pas qu'√† l'h√¥pital de Narbonne, j'ai bien l'impression que c'est partout. Mais tant que l'h√¥pital de Narbonne existera je reviendrai mais uniquement pour les urgences (les vraies), ou pour des consultations autres car tjrs bien re√ßue Merci",N√©gatif
Anonyme,31/05/2024,"Accueil
Pr√©venance 
Suivi",Positif
Anonyme,31/05/2024,Rien,N√©gatif
Clairette,31/05/2024,Infirmi√®re sympathique et agr√©able,Positif
Clairette,31/05/2024,Delai intervention,N√©gatif
Ali d√©sert,31/05/2024,J'ai appr√©ci√© la gentillesse et la comp√©tences du personnel m√©dical,Positif
Ali d√©sert,31/05/2024,Les rdv sont trop long et parfois ya urgence,N√©gatif
Fran√ßois  bio,31/05/2024,Encadrement le personnel soignant,Positif
Fran√ßois  bio,31/05/2024,Am√©liorer les parkings,N√©gatif
Odin,30/05/2024,"Tout, accueil, conseil, r√©sultats positifs",Positif
Odin,30/05/2024,Rien,N√©gatif
Lili,30/05/2024,Tout,Positif
Lili,30/05/2024,Le temps d'attente,N√©gatif
Her G.,30/05/2024,Malheureusement rien,Positif
Her G.,30/05/2024,"Difficile de dormir avec le bruit √† cause d'un anniversaire entre soignants.
Pas d'information de donn√©",N√©gatif
Anonyme,28/09/2023,"rien 
vetuste
personnel depass√©",Positif
Anonyme,28/09/2023,"circulation dans l'hopital lamentable hier au soir 45 minutes a 16h20 pour avoir un ascenseur pour le 7eme
pour le retour a 18h,35 minutes d'attente et toujours des ascenseurs bond√©s resultats oblig√© de descendre 7 etage par des escaliers immondes avec une canne. Je ne parle pas de l'odeur pestidentiele qui il regne, un vrai depotoire, des megots de cigarettes , ils n'ont pas du voir un balai depuis des lustres....
A QUOI SERVE NOS IMPOTS pour ma famille c'est termin√© le CHU se sera l'hopital Saint Martin . Ma fille ne se fera pas op√©r√© dans une telle porcherie",N√©gatif
Anonyme,10/08/2023,rien,Positif
Anonyme,10/08/2023,"l'√©coute des patients, √™tre aimable et oblig√© les personnes √† subir un examen alors qu'elles ont dit non c'est √† la limite  du proc√®s.",N√©gatif
AnonymeDalila,04/08/2023,Les m√©decins,Positif
AnonymeDalila,04/08/2023,Le vigile a demand√© √† ma fille et moi d ouvrir nos sac pas de soucis sauf qu il a demand√© √† personne d autre . Arabe= /Mod√©r√©/ ????? C est √ßa ü§î,N√©gatif
Anonyme,31/05/2023,rien,Positif
Anonyme,31/05/2023,"J'ai le sentiment de ne pas avoir √©t√© prise au s√©rieux et √©cout√©e.
Pas de r√©elle prise en charge, je suis repartie sans examen, sans r√©ponse et en ayant toujours mal (un soignant m'a dit que le motif de ma venue ne justifiait pas un passage aux Urgences ce jour).
Le relationnel est √† revoir tant entre soignants que vis-√†-vis des patients.
Compte tenu de ma non prise en charge du jour, je ne recommanderais pas ce service.",N√©gatif
Lelina,04/01/2023,"Une personne venant d'un EPHAD devrait √™tre pris en charge rapidement, il a sign√© une d√©charge au bout de 2 jours car pas de prise en charge et pas de nourriture honteux !",N√©gatif
Souffrance,27/11/2022,Horreur de cet h√¥pital attente 4 jours sur sale brancard inconfortable cela est inadmissible,Positif
Souffrance,27/11/2022,√âcrire aux politiques qu ils viennent essayer les brancards.ne serai ce qu une nuit,N√©gatif
Alex,23/11/2022,La jeune fille blonde qui nous soutenait √† l acceuil,Positif
Alex,23/11/2022,Coordination entre m√©decins et infirmi√®re  honte de laisser les gens sans couverture d√©nud√© sans boire ni mang√© car ils savent pas quoi faire aucun m√©decins vu pendant toute l attente,N√©gatif
J'ai honte,21/10/2022,Faire attendre des personnes √¢g√©es sur des cha√Ænes pendant plus de 18 heures... Une honte,N√©gatif
Myrtille,21/09/2022,"- Que le m√©decin soit √† l heure (√† minima qu elle pr√©vienne de ses 30min de retard)
-Que ce m√©decin prenne en consid√©ration la dimension humaine d un entretien. On ne lui demande pas de pleurer avec nous, juste d √™tre un maximum (oui c est bcp demander mais dans ce genre de consultation on est hyper vuln√©rable) d empathie et d √©coute, un peu de d√©licatesse.
- adapter son vocabulaire, il y a quand m√™me beaucoup de mots dans la langue fran√ßaise!
- √™tre supervis√©, √ßa ne fait pas de mal de travailler un peu sur son narcissisme, √ßa √©vite le syndrome de tte puissance, surtout quand on a un m√©tier qui consiste √† cr√©er la vie.
- en bref il n y a pas que les patients qui devraient aller voir un psy.",N√©gatif
AV,22/06/2023,Les soins de r√©duction au service HTP sont s√©rieux,Positif
AV,22/06/2023,Que les horaires au niveau des plannings soit un peut plus long,N√©gatif
Diabolik,06/08/2021,Tout. A commencer par la gentillesse et la comp√©tence du personnel tr√®s disponible.,Positif
Diabolik,06/08/2021,"Biblioth√®que, vente de journaux et de magazines ludiques (mots crois√©s)",N√©gatif
lavabo-mygale77,17/09/2019,"Le personnel est comp√©tent et surtout bienveillant, ici on a encore l'impression que le patient passe avant l'argent, un grand merci au Dr Nakhal qui s'est occup√© de ma m√®re il y a quelques ann√©es et maintenant de mon p√®re.",Positif
plombier-oreille80,17/09/2019,C'est un excellent centre hospitalier. Ma compagne √† √©t√© tr√®s tr√®s bien suivie. Merci √† tous.Beno√Æt,Positif
bureau-peach80,18/08/2019,1er visite pour voir ma niece de 17 ans le 23 juillet en r√©ducation apres op√©ration des 2 jambes.Le gros probl√®me dans le Pavillon 1 elle se retrouve avec des personnes avec un lourd handicape mental....Pourquoi ne pas l'avoir mise avec des gens avec le meme probl√®me physique. ....La nuit les gens se promenene dans les couloirs et rentre dans sa chambre ?????,N√©gatif
kiwi-professeur78,19/07/2019,"Pr√©ambule : Nous avons tous remarqu√© la pr√©sence des panneaux de rappel dans les centres de soins concernant les poursuites qui pourraient √™tre entam√©es envers les personnes mena√ßant physiquement ou insultant le personnel soignant, et c'est une tr√®s bonne chose.Mais qu'en est il de l'inverse et des paroles degradantes d'une certaine cadre de sant√© Mme D.......s ? Cette derni√®re a dit √†  mon √©pouse que celle-ci n'avait qu'un probl√®me de coude et que si sa mutation dans une autre unit√© ne lui plaisait pas, elle n'avait qu'√† prendre en photo son kin√©, en faire un agrandissement, de le faire encadrer et de le poser le tout sur sa table de chevet ! Paroles inacceptables de la part d'un professionnel de sant√©.Alors, √† vous Mme D.......s, je ne vais pas vous insulter mais utiliser les m√™mes termes d√©gradants √† votre √©gard :Vous n'√™tes pas un ""Cadre"" mais uniquement un ""sous verre"" de sant√©.Au tr√®s grand d√©plaisir de vous revoir.Pour le restant des prestations du personnel et de l'√©tablissement, c'est d'un tr√®s bon niveau.",Positif
cam√©ra-streamer81,19/07/2019,J'ai visit√© une amie hospitalis√©e √† l'h√¥pital de La Musse.Personnel comp√©tent et agr√©able. Accueil +++.Cependant certains travaux seront √† pr√©voir dans les unit√©s d'hospitalisation pour am√©liorer les conditions d'accueil.,Positif
boule-temp√™te11,21/03/2019,Super accueil ! Le personnel est efficace et attentionn√© !! Tr√®s pro et hyper sympathique ! Je recommande !!,Positif
club-malade67,20/01/2019,"Bonjour 
Ma grand m√®re √† √©t√© hospitalis√© au pavillon 3 et grosse d√©ception",N√©gatif
Anonyme,08/11/2023,Rien,Positif
Anonyme,08/11/2023,Ferm√© cette h√¥pital de merde,N√©gatif
Changer,18/05/2023,rien,Positif
Changer,18/05/2023,ma question est: en r√®gle g√©n√©rale tout le personnel hospitalier quelques soit le secteur est tenu au secret professionnel : pourquoi mon hospitalisation et mon √©tat de sant√© ont √©t√© divulgu√©s √† l'ext√©rieur par le personnel soignant et de source sure ??,N√©gatif
Maman22,17/01/2023,La maternit√© et les sages femmes qui y travaillent,Positif
Maman22,17/01/2023,"Les urgences maternite sont catastrophiques, on nous dit de venir consulter les urgences pour des soucis pendant la grossesse mais les sages femmes sont trop peu exp√©riment√©e et peu emphatique ! A chaque fois du sarcasme lors des consultations .... il serait bien de mettre au moin une sage femme qui a de l‚Äôexp√©rience, car les fra√Æchement dipl√¥m√©s se basent trop sur les statistiques et pas assez sur l‚Äôhumain...",N√©gatif
Zorgouls,06/12/2022,Rien,Positif
Zorgouls,06/12/2022,Un peu d humanit√© car il chien et mieux trait√©.,N√©gatif
Isatis,29/07/2022,RIEN .TRES MAUVAIS SOUVENIR DE MON S√âJOUR,Positif
Isatis,29/07/2022,Que les m√©decins soient moins hautain. Que les infirmi√®res arr√™tent de nous balader et de  nous dire cache les choses. Quand on demande une chose c'est de l'avoir aussit√¥t et de ne pas avoir l'impression de qu√©mander et surtout de les /Mod√©r√©/. Car oui on les /Mod√©r√©/,N√©gatif
Fanny Bull,01/07/2022,Pas l'attente en tout cas,Positif
Fanny Bull,01/07/2022,"Je me suis rendue aux urgence car je suis malade chronique, mon m√©decin est en vacances et que le 116 117 bah le m√©decin m'a dit de voir avec mon m√©decin traitant donc AUCUN traitement. Je me suis fais incendier par le m√©decin ou l'interne car selon lui souffrir le martyr n'est pas une excuse recevable pour venir aux urgences. Il m'a insulte de mal √©lev√© pour ce fait. Un tel manque d'humanit√© est incroyable ! Quand on ne sait pas √™tre un minimum humain, tol√©rant et empathique, on change de m√©tier !",N√©gatif
Maman de Imany,30/06/2022,La prise en charge extraordinaire de mon b√©b√© n√© extreme pr√©matur√© a 27sa et l'accompagnement psychologique que m'a offert chacune des personnes intervenantes aupres de ma fille.,Positif
Maman de Imany,30/06/2022,Beaucoup plus de moyens et de personnels pour le bon fonctionnement des services et adoucir la charge de travail et morale de personnels qui travaillent dur aupr√®s de b√©b√© se battant pour vivre,N√©gatif
Marielle,01/06/2022,"L‚Äôefficacit√© du service et des relations exceptionnelles avec le service des urgences
Merci beaucoup, j‚Äôadmire ce que vous faites",Positif
Bouflet,09/10/2023,Rien,Positif
Bouflet,09/10/2023,L'√©coute,N√©gatif
Lou,17/08/2023,Seule l infirmi√®re de nuit a sembl√© vouloir faire son travail,Positif
Lou,17/08/2023,"√âCOUTER les patients au lieu de r√©p√©ter automatiquement les m√™mes choses de la m√™me mani√®re condescendante √† tout le monde 
Prendre en compte la douleur du patient et le croire !! 
Ne pas mal parler des patients juste √† c√¥t√© et qui entendent tout ‚Ä¶.",N√©gatif
Birgit,26/07/2023,Le personnel la chambre individuelle le professionnalisme,Positif
Birgit,26/07/2023,La nourriture,N√©gatif
Lionne76,14/10/2022,Le d√©vouement des personnels toutes fonctions confondues,Positif
Lionne76,14/10/2022,Les locaux un peu defraichis,N√©gatif
Val√©rie,06/07/2022,"J'ai √©t√© prise en charge en 2016,par le docteur Guissier ainsi que Mme Botta sans oublier neurologue Mr Langlois.
Gr√¢ce √† eux je suis toujours l√†. Avec des explications et beaucoup d'√©coute.  Une √©quipe allant des urgences, infirmi√®res, aide soignant, Ash, vraiment tr√®s agr√©able et professionnels .
Toujours suivi maintenant tout les 6 mois.
Merci √† vous tous",Positif
Val√©rie,06/07/2022,La d√©co üòâüòÇ,N√©gatif
Michel,05/07/2022,Infirmi√®res tr√®s gentilles mais inefficaces,Positif
Michel,05/07/2022,Cessez de faire du surbooking comme les vils lors coast,N√©gatif
EnaxorC,29/06/2022,"Je remercie le Dr PAPAGIANNAKI qui m'a op√©r√©e avec succ√®s en f√©vrier 2020 d'un an√©vrisme d√©couvert par hasard. L'op√©ration s'est tr√®s bien pass√©e, cette doctoresse est tr√®s dou√©e dans son domaine avec un tr√®s bon suivi derri√®re ! Et les infirmi√®res/aides soignant(e)s sont tr√®s √† l'√©coute et disponible. Merci √† tous/toutes !",Positif
EnaxorC,29/06/2022,L'hospitalisation a √©t√© compliqu√©e quant aux repas mais quel h√¥pital est r√©put√© pour ses repas..? ^^,N√©gatif
Catoune,22/06/2022,Professionnalisme et gentillesse,Positif
Catoune,22/06/2022,J'aurais voulu voir mon chirurgien avant de partir pour le remercier,N√©gatif
Kev76,17/06/2022,Le personnel le jour du rdv pour le scanner,Positif
Kev76,17/06/2022,"Les informations de la secr√©taire ainsi que l‚Äôamabilit√© ne sont pas au rendez-vous.
Je demander simplement un renseignement mais je me suis fais envoyer petre, je con√ßois que l‚Äôont peut √™tre submerg√© mais vous travailler dans un milieu m√©dical, il est donc essentiel d‚Äôavoir un esprit social.",N√©gatif
AV,22/06/2023,Les soins de r√©duction au service HTP sont s√©rieux,Positif
AV,22/06/2023,Que les horaires au niveau des plannings soit un peut plus long,N√©gatif
Diabolik,06/08/2021,Tout. A commencer par la gentillesse et la comp√©tence du personnel tr√®s disponible.,Positif
Diabolik,06/08/2021,"Biblioth√®que, vente de journaux et de magazines ludiques (mots crois√©s)",N√©gatif
lavabo-mygale77,17/09/2019,"Le personnel est comp√©tent et surtout bienveillant, ici on a encore l'impression que le patient passe avant l'argent, un grand merci au Dr Nakhal qui s'est occup√© de ma m√®re il y a quelques ann√©es et maintenant de mon p√®re.",Positif
plombier-oreille80,17/09/2019,C'est un excellent centre hospitalier. Ma compagne √† √©t√© tr√®s tr√®s bien suivie. Merci √† tous.Beno√Æt,Positif
bureau-peach80,18/08/2019,1er visite pour voir ma niece de 17 ans le 23 juillet en r√©ducation apres op√©ration des 2 jambes.Le gros probl√®me dans le Pavillon 1 elle se retrouve avec des personnes avec un lourd handicape mental....Pourquoi ne pas l'avoir mise avec des gens avec le meme probl√®me physique. ....La nuit les gens se promenene dans les couloirs et rentre dans sa chambre ?????,N√©gatif
kiwi-professeur78,19/07/2019,"Pr√©ambule : Nous avons tous remarqu√© la pr√©sence des panneaux de rappel dans les centres de soins concernant les poursuites qui pourraient √™tre entam√©es envers les personnes mena√ßant physiquement ou insultant le personnel soignant, et c'est une tr√®s bonne chose.Mais qu'en est il de l'inverse et des paroles degradantes d'une certaine cadre de sant√© Mme D.......s ? Cette derni√®re a dit √†  mon √©pouse que celle-ci n'avait qu'un probl√®me de coude et que si sa mutation dans une autre unit√© ne lui plaisait pas, elle n'avait qu'√† prendre en photo son kin√©, en faire un agrandissement, de le faire encadrer et de le poser le tout sur sa table de chevet ! Paroles inacceptables de la part d'un professionnel de sant√©.Alors, √† vous Mme D.......s, je ne vais pas vous insulter mais utiliser les m√™mes termes d√©gradants √† votre √©gard :Vous n'√™tes pas un ""Cadre"" mais uniquement un ""sous verre"" de sant√©.Au tr√®s grand d√©plaisir de vous revoir.Pour le restant des prestations du personnel et de l'√©tablissement, c'est d'un tr√®s bon niveau.",Positif
cam√©ra-streamer81,19/07/2019,J'ai visit√© une amie hospitalis√©e √† l'h√¥pital de La Musse.Personnel comp√©tent et agr√©able. Accueil +++.Cependant certains travaux seront √† pr√©voir dans les unit√©s d'hospitalisation pour am√©liorer les conditions d'accueil.,Positif
boule-temp√™te11,21/03/2019,Super accueil ! Le personnel est efficace et attentionn√© !! Tr√®s pro et hyper sympathique ! Je recommande !!,Positif
club-malade67,20/01/2019,"Bonjour 
Ma grand m√®re √† √©t√© hospitalis√© au pavillon 3 et grosse d√©ception",N√©gatif
Ch rony,14/01/2024,Rien,Positif
Ch rony,14/01/2024,"Une meilleur approche des m√©decins d√©butants  une meilleur formation  avec une meilleur assistance de leurs comp√©tences supervis√© par un chef de service et pas laiss√© libre de survoler le probl√®me  surtout devant une r√©action au PPD dont le protocole dans les cas grave. C est cortisone. Puis plus grave adr√©naline 
Ici dans ma situation le probl√®me a √©t√© trait√© sur un ecz√©ma de surface et non la deuxi√®me face de la r√©action  la plus dangereuse l ≈ìd√®me qui d√©formait mon visage au gr√®s des longues heures d attente 7h !! J ai gonfl√© pendant 7h sans assistance 
C est arriv√©e chez moi qu un m√©decin urgentiste m‚Äôa fait une piq√ªre de cortisone ce qui a permis de stabiliser l ≈ìd√®me et rentrer ds le processus de d√©gonflement merci encore √† cet homme d exp√©riences de 30ans",N√©gatif
Anonyme,13/09/2023,Rien,Positif
Anonyme,13/09/2023,Employez les bonnes personnes au service des caisses.,N√©gatif
Mickou,10/09/2023,"La gentillesse, l'√©coute, le sourire,la disponibilit√© des membres du personnel ,les repas servis chauds et vari√©s.",Positif
Mickou,10/09/2023,"En ce qui me concerne, J'ai  appr√©ci√© l'ambiance ,les soins efficaces prodigu√©s durant les 10 jours d'abord pass√©s en  USIC puis en cardiologie . Merci",N√©gatif
PANDA,10/02/2023,"je n'ai pas attendu longtemps avant d'√©tre prise en charge
personnel √† l'√©coute, disponible, professionnel 
et aimable
m√©me en hospitalisation de controle en urgence",Positif
PANDA,10/02/2023,le bruit fait pas les patients mais je sais que ce n'est pas possible,N√©gatif
LOU,09/12/2022,RIEN,Positif
LOU,09/12/2022,TOUT,N√©gatif
zeruvina,13/09/2022,Le chirurgien cardiaque,Positif
zeruvina,13/09/2022,Le personnel m√©dical,N√©gatif
Doxgs,13/07/2022,"Une bonne prise en charge malgr√© des urgences surcharg√©es. Le m√©decin a pris tout de m√™me le temps de le recoudre d'une plaie au cr√¢ne. 7 points de suture fait au fil 0,5.alors merci aux personnel soignant ( m√©dical et param√©dical).",Positif
Doxgs,13/07/2022,Plus de personnels ainsi que de mat√©riels,N√©gatif
,31/05/2022,Un peu de respect pour les patients qui arrivent aux urgences .,N√©gatif
Toutouta,11/05/2022,"Rien - Prise en charge path√©tique,  pr√©f√®rent laisser p√©rir les gens !",Positif
Toutouta,11/05/2022,Meilleure Prise en charge des patients et fonctionnements.,N√©gatif
Ange Philippe Fitoussi,10/05/2022,"Bonjour suite une intervention a hopital henri mondor  pour quadruple pontage une tr√®s grande op√©ration 2013 je remercie tout tous le personnel docteur infirmi√®re un accueil tr√®s chaleureux une gentillesse exceptionnelle inoubliable je vais tr√®s tr√®s bien grasse a vous je vous oublier jamais 
Tr√®s bonne journ√©e ange Philippe fitoussi france",Positif
Ange Philippe Fitoussi,10/05/2022,Rien a dire,N√©gatif
Hayet,05/05/2024,"Tout d'abord ils m'ont rassur√© car j'avais tr√®s peur, ils ont √©t√© tr√®s professionnel Et la dame, l'anesth√©siste a √©t√© g√©nial, une gentillesse incroyable toute l'√©quipe du Docteur spraul a √©t√© parfait rien √† dire. Je vous recommande cette clinique ils sont g√©nial Vu que vous mettiez les femmes de m√©nage, j'ai d√©j√† travaill√© dans les clinique Clinique auparavant. Cette clinique est parfaitement propre et tout a √©t√© d√©sinfect√© moindres ustensiles. C'est tr√®s important de nos jours. Je pense qu'elle est qu'il n'y a pas plus maniaque que moi et j'ai voulu √† 100 %, Docteur Spraul vous √™tes un super chirurgien, vous pouvez √™tre fier de votre carri√®re. Merci encore. Je pensais terminer ma vie dans une chaise roulante et gr√¢ce √† vous j'ai encore de l'espoir de marcher et de travailler. Vous tenez tous vos engagements et un grand merci aussi √† mon cardiologue de la clinique, qui, gr√¢ce √† lui a fait toutes les analyses n√©cessaires pour que je puisse faire cette op√©ration. Merci √† tous.",Positif
Hayet,05/05/2024,"Franchement toute franchise j'ai rien vu de mauvais. Tout le monde a √©t√© gentil que ce soit les infirmi√®res des √©tages les aides-soignantes que ce soit tout personnel de la clinique vous savez √† 60 ans j'en ai vu des Clinique et j'en ai fait des op√©rations mais celle-l√† est une des meilleures que j'ai fait, d'ailleurs Mon Fils aujourd'hui qui a 30 ans Est venu au monde dans cette clinique et aujourd'hui c'est moi qui suis fait op√©rer √† 60 ans donc je n'ai rien √† dire simplement. Merci merci merci merci de tout mon c≈ìur",N√©gatif
Bidou75,17/04/2024,Le personnel est tr√®s aimable et les m√©decins expliquent tr√®s bien ce qu'il se passe. La clinique est agr√©able,Positif
Bidou75,17/04/2024,"Dans les chambres en ambulatoire il faudrait que le code pour fermer le placard soit beaucoup plus gros car lorsque l'on enl√®ve ses lunettes pour les enfermer dans le placard on ne voit plus rien pour faire le code aussi bien pour fermer le placard que pour l'ouvrir apr√®s.
Il serait super aussi de mettre une pendule dans chaque chambre pour avoir une id√©e du temps qui passe. 
Un passage un peu plus fr√©quent des infirmi√®res dans les chambres quand on attend d'√™tre op√©r√© serait le bienvenu car cela permettrait de savoir quand on sera pris en charge.
Merci",N√©gatif
Oti,09/04/2024,Rien,Positif
Oti,09/04/2024,"J ai voulu prendre un rdv pour un arthroscaner on m a r√©pondu qu on me rappellerait., ca  fait 15 jours j attends encore je suis all√©e sur place pour prendre le rdv‚Äô la secr√©taire  tr√®s d√©sagr√©able n √† pas compris l ordonnance et √† fait appel √† un m√©decin qui n √† jamais r√©pondu. On m √† dit qu on me rppelerait √ßa  fait 10 jours et personne n est revenu vers moi . C est honteux 
J ai t√©l√©phon√© √† un autre √©tablissement , les secr√©taires ont compris l ordonnance et mion rdv √† √©t√© pris par t√©l√©phone",N√©gatif
AXAPHIL,09/02/2024,"Pas d'attente √† l'accueil gr√¢ce √† Rdv fix√©. 
Mis dans chambre avec habits de pr√©paration.
Passage √†  l'examen parfait.
Prise de la collation dans pi√®ce sp√©cifique pour lib√©rer la chambre, tr√®s bonne chose.",Positif
AXAPHIL,09/02/2024,"En cas d'envie pr√©sente pas assez de toilette (d√©tail).
Mettre un pistolet dans la chambre en  cas d'urgence.",N√©gatif
Anonyme,30/01/2024,"La,rapidit√© de mise en conditions 
Le service des Infirmi√®res",Positif
Anonyme,30/01/2024,Rien,N√©gatif
Anonyme,22/11/2023,Une √©quipe tr√®s comp√©tente et tr√®s attentive.,Positif
Anonyme,22/11/2023,RAS,N√©gatif
Camella,17/10/2023,La prise en charge efficace,Positif
Camella,17/10/2023,"Je ne suis pas rest√©e assez longtemps pour sugg√©rer une am√©lioration,  peut-√™tre au niveau de la collation servie lors d'un court s√©jour en ambulatoire ! Car √† jeun depuis minuit √† 14h j'avais tr√®s faim un caf√© et deux madeleines m'ont paru un peu juste!",N√©gatif
Anonyme,02/10/2023,Personnel efficace et agr√©able. Prise en charge rapide.,Positif
Anonyme,02/10/2023,Ras,N√©gatif
Personne en col√®re,15/01/2023,Prendre en charge le patient m√™me si n‚Äôa pas de carte vitale et pr√©sente l‚Äôattestation de droit et la mutuelle,N√©gatif
CB,23/09/2022,Rien,Positif
CB,23/09/2022,"La qualit√© des chambres (douches ridiculement petites pour des patients, √©quipements pauvres...). La relation humaine soignants/patients totalement d√©shumanis√©e. Il faut solliciter plusieurs fois les soignants pour obtenir des informations et faire appliquer les protocoles √©mis par l'h√¥pital.",N√©gatif
Oc√©ane,01/05/2024,Franchement service de cardiologie nul,Positif
Oc√©ane,01/05/2024,"Mon p√®re a subit une op√©ration du c≈ìur au niveau de sa valve, ce service de cardiologie c‚Äôest tr√®s mal occup√© de mon p√®re il sont rester un week-end sans lui faire d‚Äôinjection de lovenox ( en sachant que sa fait 4j qui sortait de son op√©ration), il est ressorti avec des probl√®mes de coagulation au niveau de ces pieds il n‚Äôarrive plus √† marcher. Ils ont garder mon p√®re 10j  et ils l‚Äôon lacher e sa en pleine nature sans s‚Äôassurer qu‚Äôil est une infirmi√®re qui puise r√©aliser  ces soin, ni de m√©decin traitant‚Ä¶ aucune prescription pour une kin√©sith√©rapie respiratoire
Franchement le pire service‚Ä¶",N√©gatif
Anonyme,28/09/2023,Rien,Positif
Anonyme,28/09/2023,"La prise en charge de l'urgence, l'√©coute du patient et de la personne de confiance.
Les m√©decins urgentistes ne prennent pas en compte la douleur et nous prennent de haut quand on demande des nouvelles.
C'√©tait tout et n'importe quoi avec des explications entre m√©decins contradictoires..
Ce qui vous laisse avec une incertitude et de plus nous sommes repartis sans vraiment d'explications pour la douleur.
Qui pour eux sont de la bobologie.
Donc quand vous voulez des explications ou vous passez pour une enquiquineuse aupr√®s de l'√©quipe soignante ou une excit√©.
Pour √ßa ils ont le temps de donner leurs avis.
Quand √† l infirmier pas de boujour pas de mots ... froid et brutal dans ses gestes de soins..
Les urgences d'Amiens sont une vraie catastrophe dans la prise en charge physique et √©motionnelle.",N√©gatif
Anonyme,24/09/2023,"Je ne suis pas contente que ma maman est hospitalis√©e depuis le 19 septembre pour des saignements rectoragie,en hepato gastroent√©rologie secteur B elle a √©tait bousculer par certaines infirmi√®res commentaires blessant.. elle a contract√© le covid staphylocoque dor√©",Positif
Anonyme,24/09/2023,Infections urinaires dans le service.. j'ai constat√© que le pot √† caca est juste √† c√¥t√© de la tasse √† caf√©.. peux hygi√©nique.. impossible d'avoir des informations concernant son √©tat de sant√©.. plusieurs membres de la famille on remarqu√© aussi.. aucun microbes si nettoyer mieux,N√©gatif
Anonyme,12/09/2023,Rien,Positif
Anonyme,12/09/2023,Tout...l'altruisme ce n'est pas votre fort ni l'empathie d'ailleurs et surtout revoyez la responsable de cuisine car la nourriture pas top et le pr√©tendu caf√© imbuvable c'est honteux vu le prix qu'on nous facture,N√©gatif
Lucla,14/05/2023,"J'ai appr√©ci√© le professionnalisme de toute l'√©quipe m√©dicale, ainsi que sa gentillesse",Positif
Lucla,14/05/2023,Les repas,N√©gatif
LOLI,08/02/2023,Rien !,Positif
LOLI,08/02/2023,Examens m√©dicaux √† effectuer !! Ne pas laisser une personne avec du mal,N√©gatif
Anne,02/01/2023,J ai appr√©ci√© la discr√©tion la bienveillance la r√©activit√© dans une situation de chagrin face √† un oncle en fin de vie. avec un interne Alexis √† l ecoute et vraiment formidable. L equipe infirmi√®re aide soignants font honneur √† l hopital public,Positif
Anne,02/01/2023,Rien tout est tr√®s bien,N√©gatif
Stephaniede80,30/08/2022,Le personnel soignant,Positif
Stephaniede80,30/08/2022,Les repas tr√®s moyens,N√©gatif
Habib,18/08/2022,Je veux un op√©ration pour disparue la douleur du dos 7 ans je souffre trop jai 31 ans le plus important de ma sant√© c'est mon dos,Positif
Habib,18/08/2022,Jai toujours la douleur bas du dos et colonne vert√©brale sont √©cras√©es 2 √©tapes disques je souffre trop pire avant op√©ration jai etait tomber encore 5mois apr√®s op√®re in crises cardiaques,N√©gatif
espoir,08/06/2022,l'accueil,Positif
espoir,08/06/2022,"les d√©lais d'envois des r√©sultats, 2 semaines et demie  que mes r√©sultats sont en attente de ""validation et relecture"" j'esp√®re ne pas avoir de probl√®me grave parce qu'a ce train l√† on peut se faire soigner trop tard, je peux concevoir les retards mais au moins pr√©venir le m√©decin et le patient afin qu'un traitement puisse √™tre envisager....",N√©gatif
Chareg60,25/09/2023,Le personnels,Positif
Chareg60,25/09/2023,Le d√©lai de prise en charge,N√©gatif
Anonyme,22/08/2023,Le personnel soignant sauf les medecins,Positif
Anonyme,22/08/2023,Le fait de ne pas s'appliquer a foutre dehors quelqu'un qui est en grande souffrance,N√©gatif
tofkiki,29/11/2022,Il faudrait que les m√©decins fassent des formations sur les nouveaux protocoles concernant les cancers. Il n'ont pas su adapter un protocole de chimio pour mon cancer et malheureusement ils ont acc√©l√©r√©s la maladie au lieu de la gu√©rir. Heureusement que nous avons demand√© un 2√®me avis m√©dical sur Paris.,N√©gatif
LL,17/10/2022,"Le temps d‚Äôattente 
Les explications 
L‚Äôorganisation",N√©gatif
Djey,23/08/2022,"Aucune √©coute
Refus√© d'acceuillir 1 patient alors que le m√©decin g√©n√©raliste et l infirmi√®re lib√©rale  veulent faire hospitaliser en raison d 1  cicatrisation qui ne se fait pas et d 1 infection en cours",N√©gatif
Lamecontente,10/08/2022,Rien,Positif
Lamecontente,10/08/2022,Vraiment trait√© ce qui est urgent,N√©gatif
Raleur,22/07/2022,Rien,Positif
Raleur,22/07/2022,"Tout. Medecins, humanit√©,  parking, etc",N√©gatif
Lolo,20/06/2022,Equipe medicale aimable competente,Positif
Lolo,20/06/2022,L attente. Mais est ce vraiment possible?,N√©gatif
Titi,27/03/2022,"Relation proches et √©quipe soignante. 
Soins apport√©s aux malades",N√©gatif
David,22/12/2021,Rien on nous prend pour des /Mod√©r√©/,Positif
David,22/12/2021,Qu il commence √† travailler,N√©gatif
